Title,Alternative title,Id
"'Tis Time for ""Torture"", Princess","Himesama ""Goumon"" no Jikan desu",39590
.hack//Legend of the Twilight,.hack//Tasogare no Udewa Densetsu,21940
.hack//Roots,,21913
.hack//SIGN,,21885
009-1,,4565
11 Eyes,,14821
16bit Sensation: Another Layer,,38620
18 If,18if,26485
30-sai no Hoken Taiiku,,12200
7th Time Loop: The Villainess Enjoys a Carefree Life Married to Her Worst Enemy!,"Loop 7-kaime no Akuyaku Reijou wa, Moto Tekikoku de Jiyuu Kimama na Hanayome Seikatsu wo Mankitsu suru",39748
86,86 Eighty-Six,22468
91 Days,,6352
A Bridge to the Starry Skies,Hoshizora e Kakaru Hashi,11324
A Certain Magical Index,Toaru Majutsu no Index,9522
A Certain Magical Index II,Toaru Majutsu no Index II,7819
A Certain Magical Index III,Toaru Majutsu no Index III,15152
A Certain Scientific Accelerator,Toaru Kagaku no Accelerator,17426
A Certain Scientific Railgun,Toaru Kagaku no Railgun,33761
A Certain Scientific Railgun S,Toaru Kagaku no Railgun S,9475
A Certain Scientific Railgun T,Toaru Kagaku no Railgun T,19463
A Couple of Cuckoos,Kakkou no Iinazuke,30196
A Galaxy Next Door,Otonari ni Ginga,36125
A Girl & Her Guard Dog,Ojou to Banken-kun,38303
A Little Snow Fairy Sugar,Chicchana Yukitsukai Sugar,7965
A Place Further Than the Universe,Sora yori mo Tooi Basho,17723
A Playthrough of a Certain Dude's VRMMO Life,Toaru Ossan no VRMMO Katsudouki,38639
A Returner's Magic Should Be Special,Kikansha no Mahou wa Tokubetsu desu,38975
A Salad Bowl of Eccentrics,Henjin no Salad Bowl,40753
A Sign of Affection,Yubisaki to Renren,39702
A-Channel,A Channel The Animation,32193
A.D. Police Files,,23079
A.D. Police: To Protect and Serve,A.D. Police (1999),23081
A.I.C.O. -Incarnation-,,16630
Abnormal Physiology Seminar,Hen Semi,11934
Absolute Duo,,3143
Accel World,,713
Ace Attorney,,9343
Ace of Diamond Act II,Diamond no Ace: Act II,37844
Ace of Diamond: Second Season,Diamond no Ace: Second Season,37811
Ace of the Diamond,Diamond no Ace,37730
Action Heroine Cheer Fruits,,13588
Active Raid,,17543
Active Raid Second,,7152
"Actually, I Am",Jitsu wa Watashi wa,28763
Adachi and Shimamura,Adachi to Shimamura,21833
Adventure of Gamba,Gamba no Bouken,31230
Aesthetica of a Rogue Hero,Hagure Yūsha no Aestetica,3894
Afro Samurai,,8410
Aggretsuko,Aggressive Retsuko (2018),24358
Aggretsuko (2019),Aggressive Retsuko (2019),24426
Aggretsuko (2020),Aggressive Retsuko (2020),24439
Ah My Buddha!!,Amaenaide yo!!,13155
Aharen-san wa Hakarenai,,29922
Aho-Girl,Aho Girl,10482
Ai no Kusabi,,31527
Ai Yori Aoshi ~Enishi~,,11638
AIKa ZERO,,25497
Aikatsu Friends!,,33915
Aikatsu on Parade!,,31103
Aikatsu on Parade! (2020),Aikatsu on Parade!: Dream Story,32430
Aikatsu Stars!,,32437
Aikatsu!,Aikatsu! Idol Katsudou!,31970
Air Gear,,2697
Ajin 2,,7062
Akagi,Touhai Densetsu Akagi: Yami ni Maiorita Tensai,23966
Akai Hayate,,31142
Akame ga Kill!,,699
Akane Iro ni Somaru Saka,Akaneiro ni Somaru Saka,31153
Akashic Records of Bastard Magic Instructor,Roku de Nashi Majutsu Koushi to Akashic Records,8787
Akebi's Sailor Uniform,Akebi-chan no Sailor Fuku,27814
Akiba Maid War,Akiba Maid Sensou,33184
Akikan!,,11666
Akuma-kun (ONA),Akuma-kun (2023),41423
Alderamin on the Sky,Nejimaki Seirei Senki: Tenkyou no Alderamin,6820
Aldnoah.Zero,,738
Alice & Zoroku,Alice to Zouroku,17672
Alice Gear Aegis Expansion,,35990
Alice in Cyberland,,22795
Alice in Deadly School,,29038
Alice or Alice,,21975
Alien Nine,Alien 9,11694
All Out!!,,30119
Am I Actually the Strongest?,"Jitsu wa Ore, Saikyou Deshita?",37311
Amagami SS,,38671
Amagami SS Plus,Amagami SS+ Plus,37552
AMAIM Warrior at the Borderline,Kyoukai Senki,27120
Amanchu! Advance,,14767
Amatsuki,,31560
AMAZING STRANGER,Chou Kadou Girl 1/6,16991
Amazing Twins,Zetsumetsu Kigu Shoujo: Amazing Twins,31087
An Archdemon's Dilemma: How to Love Your Elf Bride,"Maou no Ore ga Dorei Elf wo Yome ni Shitanda ga, Dou Medereba Ii?",40616
And you thought there is never a girl online?,Netoge no Yome wa Onna no ko ja Nai to Omotta?,4374
Android Ana Maico 2010,,23105
Angel Beats!,,80
Angel Cop,,16954
Angel's 3Piece,Tenshi no 3P!,14875
Angolmois: Record of Mongol Invasion,Angolmois: Genkou Kassenki,22422
Anime-Gataris,,22744
anohana: The Flower We Saw That Day,,5692
Another,,533
Anti-Magic Academy: The 35th Test Platoon,Taimadou Gakuen 35 Shiken Shoutai,25080
Ao-chan Can't Study!,Midara na Ao-chan wa Benkyou ga Dekinai,17994
AOKANA: Four Rhythm Across the Blue,,7899
Appare-Ranman!,,19449
Arata Kangatari,,25972
Are You Lost?,Sounan Desu ka?,17247
Aria the Scarlet Ammo,Hidan no Aria,248
Aria the Scarlet Ammo AA,Hidan no Aria AA,38126
Arifureta - From Commonplace to World's Strongest,Arifureta Shokugyou de Sekai Saikyou,17260
Arifureta: From Commonplace to World's Strongest Season 2,Arifureta Shokugyou de Sekai Saikyou 2nd Season,27729
Arjuna,Chikyuu Shoujo Arjuna,23390
Arknights: Perish in Frost,Arknights: Touin Kiro,38570
Arknights: Prelude to Dawn,Arknights: Reimei Zensou,33846
ARP Backstage Pass,,25557
"As a Reincarnated Aristocrat, I'll Use My Appraisal Skill to Rise in the World","Tensei Kizoku, Kantei Skill de Nariagaru",40919
As Miss Beelzebub Likes,Beelzebub-jou no Oki ni Mesu Mama,22782
Asatte Dance,Dance Till Tomorrow,31564
Ascendance of a Bookworm,Honzuki no Gekokujou: Shisho ni Naru Tame ni wa Shudan o Erande Iraremasen,18059
Assassination Classroom,Ansatsu Kyoushitsu,2217
Assassination Classroom: Second Season,Ansatsu Kyoushitsu (2016),5357
Assassins Pride,,17968
Assault Lily: Bouquet,,27107
Astra Lost in Space,Kanata no Astra,17274
Astro Boy,,16265
Astro Note,,40836
Asura Cryin',,13751
At The Mercy of The Sky,Sora no Manimani,23432
Atelier Ryza: Ever Darkness & the Secret Hideout,Ryza no Atelier: Tokoyami no Joou to Himitsu no Kakurega,37304
Attack On Titan,Shingeki no Kyojin,351
Attack on Titan Season 2,Shingeki no Kyojin S2,9611
Attack on Titan Season 3,Shingeki no Kyojin S3,17114
Attack on Titan The Final Season,Shingeki no Kyojin: The Final Season,27410
Attack on Titan: Junior High,Shingeki! Kyojin Chuugakkou,19845
Attacker You!,,22911
AWOL Compression Re-Mix,,31616
Ayaka,,37669
Ayakashi Triangle,,34904
Azumanga Daiou The Animation,,25634
Azur Lane,,17843
Azur Lane: Slow Ahead!,Azur Lane: Bisoku Zenshin!,19885
B Gata H Kei,,5833
Baby Steps,,2807
Back Arrow,,22697
Baka and Test: Summon the Beasts,Baka to Test to Shoukanjuu,4767
Baka and Test: Summon the Beasts 2,Baka to Test to Shōkanjū Ni!,3700
Baki (2018),Baki,24577
Baki (2020),Baki,24464
Bakumatsu Gijinden Roman,,41014
Bakumatsu Rock,Samurai Jam -Bakumatsu Rock-,40996
BanG Dream!,,8808
BanG Dream! It's MyGO!!!!!,,37278
"Banished from the Hero's Party, I Decided to Live a Quiet Life in the Countryside","Shin no Nakama ja Nai to Yuusha no Party o Oidasareta node, Henkyou de Slow Life Suru Koto ni Shimashita",26888
"Banished From The Hero's Party, I Decided To Live A Quiet Life In The Countryside Season 2","Shin no Nakama ja Nai to Yuusha no Party wo Oidasareta node, Henkyou de Slow Life suru Koto ni Shimashita 2nd",39782
Banner of the Stars,Seikai no Senki,15695
Baoh the Visitor,Baoh Raihousha,23537
Bartender,,19963
Bartender: Glass of God,Bartender: Kami no Glass,40815
"Bastard!! Heavy Metal, Dark Fantasy",Bastard!! Ankoku no Hakaishin (2022),30800
"Bastard!! Heavy Metal, Dark Fantasy Part 2",Bastard!! Ankoku no Hakaishin Part 2,37478
Battle Athletes Victory,Battle Athletess Daiundoukai (1997),12440
Battle Athletes Victory Restart!,Battle Athletess Daiundoukai Restart!,21716
Battle Game in 5 Seconds,Deatte 5 Byou de Battle,23575
Battle Girl High School,,28605
BBK/BRNK: The Gentle Giants of the Galaxy,Bubuki Buranki: Hoshi no Kyojin,7478
Be-Bop High School,Be-Bop Highschool,32911
Beast Tamer,"Yuusha Party o Tsuihou Sareta Beast Tamer, Saikyoushu no Nekomimi Shoujo to Deau",34299
Beastars,,19082
Beautiful Bones: Sakurako's Investigation,Sakurako-san no Ashimoto ni wa Shitai ga Umatte Iru,25430
Beck: Mongolian Chop Squad,,36346
Beelzebub,,32645
BEM,,17492
Ben-To,,8795
Bermuda Triangle: Colorful Pastorale,,36717
Berserk,Kenpuu Denki Berserk,22133
Berserk (2016),,6098
Berserk of Gluttony,Boushoku no Berserk,38375
Berserk: The Golden Age Arc - Memorial Edition,Berserk: Ougon Jidai-hen - Memorial Edition,34111
Between the Sky and Sea,Sora to Umi no Aida,17853
Beyond the Boundary,Kyoukai no Kanata,221
Big Order,,38425
Bikini Warriors,,35201
Birdie Wing: Golf Girls' Story,,29582
Black Bullet,,477
Black Butler,Kuroshitsuji,25706
Black Butler II,Kuroshitsuji II,40949
Black Butler: Public School Arc,Kuroshitsuji: Kishuku Gakkou-hen,40915
Black Clover,,10817
Black Jack Final,,31894
Black Lagoon,,4702
BLACK LAGOON The Second Barrage,,20739
Black Lagoon: Roberta's Blood Trail,,35135
Black Rock Shooter: Dawn Fall,,31504
Black Summoner,Kuro no Shoukanshi,30922
Blade,,41376
Blade And Soul,,888
Blade of the Immortal (2019),Mugen no Juunin: Immortal,27440
Blade Runner: Black Lotus,,30100
Blassreiter,,25582
Blast of Tempest,Zetsuen no Tempest: The Civilization Blaster,28157
Blazing Transfer Student,Honoo no Tenkousei,31645
Bleach,,27284
Bleach: Thousand-Year Blood War,Bleach: Sennen Kessen Hen,33349
Blend S,,14161
Blessing of the Campanella,Shukufuku no Campanella,13444
Blood Blockade Battlefront,Kekkai Sensen,1677
Blood Blockade Battlefront & Beyond,Kekkai Sensen & Beyond,14148
Blood Lad,,10447
Blood+,,22538
Blood-C,,25061
Bludgeoning Angel Dokuro-chan,Bokusatsu Tenshi Dokuro-chan,18389
Blue Archive the Animation,,40845
Blue Exorcist,,2344
Blue Exorcist: Shimane Illuminati Saga,Ao no Exorcist: Shimane Illuminati-hen,39713
Blue Gender,,15723
Blue Lock,,33244
Blue Reflection Ray,Blue Reflection Ray,21789
Blue Seed,BLUE SEED,22813
Blue Seed 1.5,,22860
Blue Seed Beyond,Blue Seed 2,22865
Blue Sonnet,Akai Kiba Blue Sonnet,31147
Blue Spring Ride,Ao Haru Ride,26133
Blue Submarine No. 6,Ao no 6-gou,39229
BNA,,19028
Bocchi the Rock!,,33224
Bodacious Space Pirates,Mouretsu Pirates,7502
"Bofuri: I Don't Want to Get Hurt, So I'll Max Out My Defense",Itai no wa Iya nano de Bougyoryoku ni Kyokufuri Shitai to Omoimasu,18862
"Bofuri: I Don't Want to Get Hurt, So I'll Max Out My Defense. 2",Itai no wa Iya nano de Bougyoryoku ni Kyokufuri Shitai to Omoimasu. 2,34848
Bokurano,Bokura no,23299
Boogiepop and Others,Boogiepop wa Warawanai,18190
Boogiepop Phantom,Boogiepop wa Warawanai: Boogiepop Phantom,30376
Bottom-Tier Character Tomozaki,Jaku Chara Tomozaki-kun,25956
Bottom-Tier Character Tomozaki 2nd Stage,Jaku-Chara Tomozaki-kun 2nd Stage,39606
Brave 10,,23242
Brave Bang Bravern!,Yuuki Bakuhatsu Bang Bravern,39651
Brave Witches,,7165
Brigadoon Marin to Melan,,22970
Broken Blade,Break Blade,21747
Btooom!,,1804
Bubblegum Crash!,,23077
Bubblegum Crisis,Bubblegum Crisis 2033,8078
Bubblegum Crisis: Tokyo 2040,,23050
Bucchigiri?!,,39707
Buddy Complex,,13705
Buddy Daddies,,34910
Build Divide: Code Black,Build-Divide -#000000- Code Black,30260
Build Divide: Code White,Build Divide -#FFFFFF- Code White,30287
Bullbuster,,38726
Bungo Stray Dogs,,26932
Bungou Stray Dogs Wan!,,20712
Burn the Witch,,39233
Burn Up Excess,,10652
Burn-Up Scramble,Burn Up Scramble,10581
Burn-Up W,,10594
Burst Angel,Bakuretsu Tenshi,22757
Burst Angel: Infinity,Bakuretsu Tenshi: Infinity,23535
Butareba: The Story of a Man Turned into a Pig,Buta no Liver wa Kanetsu Shiro,38357
By the Grace of the Gods 2,Kami-tachi ni Hirowareta Otoko 2,34858
C3: Cube x Cursed x Curious,,23
Cagaster of an Insect Cage,Mushikago no Cagaster,38914
California Crisis: Tsuigeki no Hibana,,23539
Caligula,,19701
Call of the Night,Yofukashi no Uta,30884
Campfire Cooking in Another World with My Absurd Skills,Tondemo Skill de Isekai Hourou Meshi,34897
Cannon Busters,,23623
Captain Earth,,14973
Cardcaptor Sakura,,2055
Cardcaptor Sakura: Clear Card,,14352
Cardfight!! Vanguard (2018),,36706
Cardfight!! Vanguard G,,33866
Cardfight!! Vanguard G GIRS Crisis,Cardfight!! Vanguard G: Girs Crisis Hen,34114
Cardfight!! Vanguard G: Next,,36774
Cardfight!! Vanguard G: Z,Cardfight!! Vanguard G Z,37018
Cardfight!! Vanguard Overdress,Cardfight!! Vanguard: Over Dress,24413
Cardfight!! Vanguard will+Dress Season 3,,37647
Cardfight!! Vanguard: DivineZ,,39687
Cardfight!! Vanguard: Will+Dress,,31328
Cardfight!! Vanguard: Will+Dress Season 2,,34957
Cardfight!! Vanguard: Zoku Koukousei Hen,,33980
Carnival Phantasm,,33786
Carole & Tuesday,,17300
Casshern Sins,,26156
Cat Planet Cuties,Asobi ni Iku yo!,25930
Cat's Eye,,23255
Cat's Eye Season 2,Cat's Eye (1984),23323
Cautious Hero: The Hero Is Overpowered but Overly Cautious,Shinchou Yuusha: Kono Yuusha ga Ore Tsueee Kuse ni Shinchou Sugiru,18436
Celestial Method,Sora no Method,25659
Cells at Work! Code Black,Hataraku Saibou Black,20580
Cerberus,Seisen Cerberus: Ryuukoku no Fatalite,26336
Cestvs: The Roman Fighter,,23676
Chaika - The Coffin Princess Avenging Battle,Hitsugi no Chaika Avenging Battle,7076
Chain Chronicle: The Light of Haecceitas,,8429
Chained Soldier,Mato Seihei no Slave,39640
Chainsaw Man,,33139
Chaos Dragon: Sekiryuu Seneki,,2926
Chaos;Child,,8523
Charlotte,,2292
Cherry Magic! Thirty Years of Virginity Can Make You a Wizard?!,30-sai made Doutei dato Mahoutsukai ni Nareru Rashii,39629
Children of the Whales,Kujira no Kora wa Sajou ni Utau,14720
Chillin' in Another World with Level 2 Super Cheat Powers,Lv2 kara Cheat datta Motoyuusha Kouho no Mattari Isekai Life,41100
Chillin' in My 30s after Getting Fired from the Demon King's Army,Kaiko sareta Ankoku Heishi (30-dai) no Slow na Second Life,34888
Chio's School Road,Chio-chan no Tsuugakuro,34655
Chivalry of a Failed Knight,Rakudai Kishi no Cavalry,3211
Chou Henshin Cosprayers,Cosprayers,31533
Chrome Shelled Regios,Koukaku no Regios,15915
Chronicles of the Going Home Club,Kitakubu Katsudou Kiroku,19224
Chronos Ruler,Jikan no Shihaisha,19488
Chu-Bra!!,,10625
Cinderella Nine,Hachigatsu no Cinderella Nine,17182
Circlet Princess,,23515
Citrus,,33258
Clannad,,3918
Clannad: After Story,Clannad S2,25829
Classroom Crisis,,2789
Classroom for Heroes,Eiyuu Kyoushitsu,37321
Classroom of the Elite,Youkoso Jitsuryoku Shijou Shugi no Kyoushitsu e,13536
Classroom of the Elite II,Youkoso Jitsuryoku Shijou Shugi no Kyoushitsu e 2nd Season,31081
Classroom of the Elite III,Youkoso Jitsuryoku Shijou Shugi no Kyoushitsu e 3rd Season,39615
Claymore,,4715
Cleopatra D.C.,Cleopatra DC,41058
Clockwork Planet,,8782
Code Geass: Akito the Exiled,Code Geass: Bōkoku no Akito,21635
Code Geass: Lelouch of the Rebellion,Code Geass: Hangyaku no Lelouch,2648
Code: Breaker,,31648
Code:Realize Guardian of Rebirth,Code:Realize - Sousei no Himegimi,19147
Coluboccoro,,31917
Combatants Will Be Dispatched!,"Sentouin, Hakenshimasu!",21667
Comic Girls,,14227
Comic Party,,12370
Conception,,15144
Concrete Revolutio,,6902
Cool Cool Bye,,31919
Cop Craft,,17234
Cosplay Complex,,41070
Cowboy Bebop,,3092
Crest of the Stars,Seikai no Monshou,16149
Cross Ange: Rondo of Angel and Dragon,Cross Ange: Tenshi to Ryuu no Rondo,21846
Cue!,,30040
Cutey Honey,,13214
Cuticle Detective Inaba,Cuticle Tantei Inaba,40988
Cutie Honey Universe,,14293
Cyber City Oedo 808,,38231
Cyberpunk: Edgerunners,,32618
Cyborg 009 vs. Devilman,,38195
D.Gray-man Hallow,,5447
D4 Princess,,11299
D4DJ First Mix,,31207
Daimidaler: Prince vs. Penguin Empire,Kenzen Robo Daimidaler,41339
Dallos,,31669
Dance with Devils,,19108
Danganronpa 3: The End of Hope's Peak High School: Despair Arc,Danganronpa 3: The End of Kibougamine Gakuen - Zetsubou Hen,7792
Danganronpa 3: The End of Hope's Peak High School: Future Arc,Danganronpa 3: The End of Kibougamine Gakuen - Mirai Hen,7779
Danganronpa: The Animation,Danganronpa: Kibou no Gakuen to Zetsubou no Koukousei The Animation,30297
Dark Gathering,,37515
Darker than Black,,7858
Darker Than Black: Gemini of the Meteor,Darker Than Black: Ryuusei no Gemini,37550
DARLING in the FRANXX,,14375
Darwin's Game,,18926
Dasshu Kappei,Dash Kappei,11948
Date a Live,,29306
Date A Live II,,3867
Date a Live III,,18540
Date a Live IV,,29399
Date A Live V,,40803
Days,,13665
Dead Dead Demons Dededede Destruction,,41515
Dead Mount Death Play,,36273
Deadman Wonderland,,155
DearS,,11780
Death Note,,2580
Death Parade,,36858
Deca-Dence,,19560
Delicious in Dungeon,Dungeon Meshi,40140
Delicious Party Pretty Cure,Delicious Party Precure,30438
Delusional Monthly Magazine,Gekkan Mousou Kagaku,39645
Demashitaa! Powerpuff Girls Z,,11074
Demon Fighter Kocho OVA,,26449
"Demon Lord, Retry!","Maou-sama, Retry!",17221
Demon Slayer,Kimetsu no Yaiba,20538
Demon Slayer Mugen Train Arc,Kimetsu no Yaiba: Mugen Ressha Hen,27399
Demon Slayer: Entertainment District Arc,Kimetsu no Yaiba: Yuukaku Hen,27411
Demon Slayer: Kimetsu no Yaiba Hashira Training Arc,Kimetsu no Yaiba: Hashira Geiko-hen,41195
Demon Slayer: Swordsmith Village Arc,Kimetsu no Yaiba: Katanakaji no Sato-hen,36174
Denki-gai,,19250
Denki-Gai,Denkigai no Honya-san,1180
Dennou Coil,Den-noh Coil,36227
Detective Conan,Case Closed,34133
Devil Hunter Yohko,Mamono Hunter Youko,34381
Devil May Cry,,13549
Devilman (1972),,16748
Devilman: Crybaby,,27636
Devils and Realist,Makai Ouji: Devils and Realist,33458
Devils' Line,,15231
Diary of Our Days at the Breakwater,Houkago Teibou Nisshi,22384
Didn't I Say to Make My Abilities Average in the Next Life?!,"Watashi, Nouryoku wa Heikinchi de tte Itta yo ne!",17981
Digimon Adventure,,12595
Digimon Adventure (2020),,25261
Digimon Adventure 02,,15296
Digimon Adventure Tri,,9312
Digimon Data Squad,Digimon Savers,39398
Digimon Frontier,,12274
Digimon Fusion,Digimon Xros Wars,39490
Digimon Ghost Game,,26453
Digimon Tamers,,10529
Digimon Universe: Appli Monsters,,13098
Dinosaur King,Kodai Ouja Kyouryuu King,40048
Dinosaur King D-Kids Adventure: Pterosaur Legend,Kodai Ouja Kyouryuu King: Yokuryuu Densetsu,40649
Dirty Pair Flash 1,,13837
Dirty Pair Flash 2,,13844
Dirty Pair Flash 3,,13850
Disgaea,Makai Senki Disgaea,25856
Divergence Eve,,12676
Divine Gate,,3626
DNA²,,13980
Do It Yourself!!,,33219
Do You Love Your Mom and Her Two-Hit Multi-Target Attacks?,Tsuujou Kougeki ga Zentai Kougeki de Nikai Kougeki no Okaasan wa Suki Desuka?,17350
Doctor Elise: The Royal Lady with the Lamp,Gekai Elise,39611
Dog & Scissors,Inu to Hasami wa Tsukaiyou,13967
Dog Days,,19515
Dog Days S2,,19586
Dog Days S3,,20942
Dogeza: I Tried Asking While Kowtowing,Dogeza de Tanondemita,20892
Dokushin Apartment Dokudami-sou,Dokushin Apaato Dokudami-sou,31674
Domestic Girlfriend,Domestic na Kanojo,16617
Dominion Tank Police,Dominion,38815
"Don't Toy with Me, Miss Nagatoro","Ijiranaide, Nagatoro-san",21648
"Don't Toy with Me, Miss Nagatoro 2nd Attack","Ijiranaide, Nagatoro-san 2nd Attack",34842
Dorohedoro,,18951
Dororo,,17325
Doukyuusei 2,End of Summer 2,31677
Doukyuusei 2 Special: Sotsugyousei,Classmates 2 Special: Graduation,31844
Dr. Ramune: Mysterious Disease Specialist,Kai Byoui Ramune,20447
Dr. Stone,,17365
Dr. Stone: New World,Dr. Stone 3rd Season,36315
Dr. Stone: Stone Wars,Dr. Stone Season 2,20486
Dragon Ball,,4414
Dragon Ball GT,,4269
Dragon Ball Super,,2401
Dragon Ball Z,DBZ,4880
Dragon Crisis,,9037
Dragon Goes House-Hunting,"Dragon, Ie o Kau",24931
Dragon Half,,35099
Dragon Quest 1989,,18263
Dragon Raja,Long Zu,40853
Dragonar Academy,Seikoku no Dragonar,493
Dragonaut - The Resonance,,13790
DRAMAtical Murder,,829
Dream Dimension Hunter Fandora,Mujigen Hunter Fandora,13151
Dream Eater Merry,Yumekui Merry,6888
Drifters,,7746
Drifting Dragons,Kuutei Dragons,19935
Dropkick on My Devil!,Jashin-chan Dropkick,15750
Dropkick on My Devil!! Dash,Jashin-chan Dropkick S2,18914
Dropkick on My Devil!! X,Jashin-chan Dropkick X,31113
Dropout Idol Fruit Tart,Ochikobore Fruit Tart,26330
Drug Store in Another World: The Slow Life of a Cheat Pharmacist,Cheat Kusushi no Slow Life: Isekai ni Tsukurou Drugstore,24243
Durarara!!,,26620
Durarara!! X2,Durarara!!x2,26649
Dusk Maiden of Amnesia,Tasogare Otome x Amnesia,25186
D_Cide Traumerei the Animation,,24849
Ear of the Golden Dragon,Kouryuu no Mimi: Mina no Shou,31682
Ebiten: Ebisugawa Public High School's Tenmonbu,,11829
Eden (2021),,23618
Eden's Bowy,,23938
Edens Zero,,21275
Ef: A Tale of Memories,ef - a tale of memories.,25089
Eien no Filerna,Eien no Filena,31556
El-Hazard: The Magnificent World 2,,29220
ēlDLIVE,,8589
Elemental Gelade,Erementar Gerad,40621
Elf Seventeen,Elf 17,31921
Elfen Lied,,4100
Encouragement of Climb,Yama no Susume,30571
Encouragement of Climb Season 2,Yama no Susume: Second Season,28618
Encouragement of Climb: Next Summit,Yama no Susume: Next Summit,34322
Encouragement of Climb: Season 3,Yama no Susume: Third Season,28645
Endo and Kobayashi Live! The Latest on Tsundere Villainess Lieselotte,Tsundere Akuyaku Reijou Liselotte to Jikkyou no Endou-kun to Kaisetsu no Kobayashi-san,34901
Engage Kiss,,30895
Engaged to the Unidentified,Mikakunin de Shinkoukei,27176
Erased,Boku dake ga Inai Machi,36801
Ergo Proxy,,22159
Eromanga Sensei,,8777
Estab Life: Great Escape,,28745
Eternal Alice,Kagihime Monogatari Eikyuu Alice Rondo,16881
Etotama: Eto Tamashii,,1681
Eureka Seven,Koukyoushihen: Eureka Seven,25864
Eureka Seven AO,,22317
Everyday Is Sunday,Mainichi ga Nichiyoubi,31688
Ex-Arm,,20407
Extreme Hearts,,31330
Fairy Tail,,7261
Fairy Tail (2014),,1687
Fairy Tail: Final Series,Fairy Tail (2018),33538
Fantasia Sango: Realm of Legends,Gensou Sangokushi: Tengen Reishinki,29241
Farming Life in Another World,Isekai Nonbiri Nouka,34870
Fate/Apocrypha,,13353
Fate/Extra Last Encore,,14780
Fate/Grand Carnival,,28643
Fate/Grand Order Absolute Demonic Front: Babylonia,Fate/Grand Order: Zettai Majuu Sensen Babylonia,18126
Fate/kaleid liner Prisma Illya,,450
Fate/kaleid liner Prisma Illya 2wei!,,5315
Fate/Kaleid Liner Prisma Illya Drei!!,,6325
Fate/stay night,,5213
Fate/Stay Night: Unlimited Blade Works,,27245
Fate/Zero,,7706
Fate/Zero S2,,20646
Fena: Pirate Princess,Kaizoku Oujo,23541
Fight League: Gear Gadget Generators,,17803
Fighting Beauty Wulong,Kakutou Bijin Wulong,31576
Fighting Beauty Wulong Rebirth,,14546
Fighting Foodons,Kakutou Ryouri Densetsu Bistro Recipe,39754
Fire Emblem,,31900
Fire Force,En'en no Shouboutai,17363
Fire Force Season 2,Enen no Shouboutai: Ni no Shou,19313
Fireball Charming,,25592
Firefighter Daigo: Rescuer in Orange,Megumi no Daigo: Kyuukoku no Orange,38552
Fist of the North Star Part 2,Seikimatsu Kyuuseishu Densetsu: Hokuto no Ken 2,18463
FLCL,Furi Kuri,25923
FLCL Progressive,Furi Kuri Progressive,36223
Fluffy Paradise,Isekai de Mofumofu Nadenade suru Tame ni Ganbattemasu.,39741
Flying Witch,,26919
Food Wars! Shokugeki no Soma,Shokugeki no Souma,17518
Food Wars! Shokugeki no Soma: The Fourth Plate,Shokugeki no Souma: Shin no Sara,17929
Food Wars! The Fifth Plate,Shokugeki no Souma: Gou no Sara S5,19405
Food Wars! The Second Plate,Shokugeki no Souma: Ni no Sara,30468
Food Wars! The Third Plate,Shokugeki no Souma: San no Sara,14240
Fortune Quest: Yonimo Shiawase na Boukensha-tachi,Fortune Quest OVA,32078
Fractale,,9286
Frame Arms Girl,,8779
Free! - Iwatobi Swim Club,,4032
Free! Eternal Summer,,980
Freezing,,11034
Freezing Vibration,,4196
Frieren: Beyond Journey's End,Sousou no Frieren,38454
Fruits Basket (2001),,29402
Fruits Basket (2019),Fruits Basket 1st Season,24306
Fruits Basket (2019) Season 2,Fruits Basket 2nd Season,24651
Fruits Basket the Final Season,Fruits Basket (2019) Season 3,24681
Full Dive: This Ultimate Next-Gen Full Dive RPG Is Even Shittier than Real Life!,Kyuukyoku Shinka Shita Full Dive RPG ga Genjitsu Yori mo Kusoge Dattara,21739
Full Metal Panic!,Fullmetal Panic!,23025
Full Metal Panic! Invisible Victory,Fullmetal Panic! Invisible Victory,22345
Full Metal Panic! The Second Raid,Fullmetal Panic! The Second Raid,22997
Full Metal Panic? Fumoffu,Fullmetal Panic? Fumoffu,23012
Fullmetal Alchemist,,39893
Fullmetal Alchemist: Brotherhood,Hagane no Renkinjutsushi (2009),26781
Fuuka,,8537
Fuuto PI,Fuuto Tantei,31314
G-On Riders,,11623
Ga-Rei-Zero,,9079
Gabriel Dropout,,30545
Gad Guard,,27658
Gakuen Alice,,22646
Gal & Dino,Gal to Kyouryuu,26383
Gamba no Bouken,,30712
Gamers!,,10048
Gangsta.,,7733
Gantz,,14794
Garo -Vanishing Line-,,12843
Garo the Animation,Garo: Honoo no Kokuin,33279
Gatchaman,Kagaku Ninjatai Gatchaman,28791
Gatchaman Crowds,,135
Gate,"Gate: Jieitai Kanochi nite, Kaku Tatakaeri",28361
Geobreeders: (File-X) Get Back The Kitty,Geobreeders: File-X Chibi Neko Dakkan,35167
Geobreeders: Breakthrough,Geobreeders 2: Mouryou Yuugekitai File-XX Ransen Toppa,35171
Getter Robo Arc,,24874
Ghastly Prince Enma Burning Up,Dororon Enma-kun: Meeramera,20789
Ghost in the Shell Arise,,66
Ghost In The Shell: SAC_2045,Koukaku Kidoutai: SAC_2045,18875
Ghost in the Shell: SAC_2045 Season 2,Koukaku Kidoutai: SAC_2045 (2022),30487
Ghost in the Shell: Stand Alone Complex,Koukaku Kidoutai Stand Alone Complex,33734
Ghost in the Shell: Stand Alone Complex 2nd GIG,Koukaku Kidoutai S.A.C. 2nd GIG,33805
Ghost Stories,Gakkou no Kaidan,19988
Ghost Sweeper Mikami,,16895
Giant Beasts of Ars,Ars no Kyojuu,34922
Giant Robo,,14912
Gibiate,,19573
Gintama,,26512
Girl Friend BETA,Girl Friend (Kari),1223
"Girlfriend, Girlfriend",Kanojo mo Kanojo,23142
"Girlfriend, Girlfriend Season 2",Kanojo mo Kanojo Season 2,38392
Girlish Number,,7766
Girls und Panzer,,27148
Girls' Frontline,Dolls` Frontline,28353
Given,,28387
GJ-bu,,28719
Glasslip,,942
Gleipnir,,19055
Goblin Slayer,,15124
Goblin Slayer II,Goblin Slayer 2nd Season,38340
God Eater,,2473
Godannar,Shinkon Gattai Godannar!!,10495
Gods' Game We Play,Kami wa Game ni Ueteiru.,40773
Godzilla Singular Point,Godzilla: S.P,23228
Gokujo. Gokurakuin Joshikou Ryou Monogatari,,18209
Golden Boy,,25156
Golden Kamuy,,26276
Gonna Be The Twin-Tail,"Ore, Twintail ni Narimasu",1373
Good Luck! Ninomiya-kun,Goshuushou-sama Ninomiya-kun,11840
Good Night World,,38317
Gosick,,5769
Gourmet Girl Graffiti,Koufuku Graffiti,21800
Granbelm,,17452
Granblue Fantasy the Animation,,9572
Granblue Fantasy the Animation S2,,18086
Grand Blue,,35380
Grandpa and Grandma Turn Young Again,Jiisan Baasan Wakagaeru,41302
Gravion,Choujuushin Gravion,23445
Gravion,Choujuushin Gravion,11680
Gravion Zwei,Choujuushin Gravion Zwei,23486
Gravion Zwei,,11746
Great Pretender,,19714
Greed,,31925
Green Green,,11511
Grenadier,,16136
Grimgar of Fantasy and Ash,Hai to Gensou no Grimgar,3945
Grimoire of Zero,Zero kara Hajimeru Mahou no Sho,8793
Ground Control to Psychoelectric Girl,Denpa Onna to Seishun Otoko,6847
Gude Crest: The Emblem of Gude,Onna Senshi Efe & Jira: Gude no Monshou,31741
Guilty Crown,,169
Gun X Sword,,35565
Gunbuster,Top o Nerae! Gunbuster,22209
Gunbuster 2,Top wo Nerae 2! Diebuster,39469
Gundam Build Divers,,19171
Gundam Reconguista in G,,6498
Gundam-W: Endless Walt,Gundam Wing Endless Waltz OVA,24660
Gungrave,,35444
Gunslinger Girl,,39945
Gunslinger Girl: Il Teatrino,Gunslinger Girl 2nd Season,39987
Gunslinger Stratos: The Animation,,17632
Gurren Lagann,Tengen Toppa Gurren Lagann,26047
Gushing over Magical Girls,Mahou Shoujo ni Akogarete,39620
Guyver: The Bioboosted Armor,Kyoushoku Soukou Guyver (2005),27549
Hacka Doll: the Animation,Hackadoll the Animation,3070
Haganai: I don't have many friends,Boku wa Tomodachi ga Sukunai,27163
Haganai: I don't have many friends NEXT,Boku wa Tomodachi ga Sukunai NEXT,6834
Haibane Renmei,,6679
Haikyu!!,,3497
Haikyu!! 2nd Season,Haikyuu!! Second Season,22070
Haikyu!! Karasuno High School vs Shiratorizawa Academy,Haikyuu!! Karasuno High School vs Shiratorizawa Academy,22096
Haikyu!! To the Top,Haikyuu!! To the Top,22107
Hanamaru Kindergarten,Hanamaru Youchien,16868
Hanamonogatari: Suruga Devil,,29113
Hanaukyo Maid-tai,,14859
Hanayamata,,28706
Hand Shakers,,8576
Handa-kun,,14920
Handyman Saitou in Another World,"Benriya Saitou-san, Isekai ni Iku",34899
Happiness Charge Precure,,1499
Happy Sugar Life,,15012
Harem in the Labyrinth of Another World,Isekai Meikyuu de Harem o,31028
Haruka Naru Toki no Naka de 2: Shiroki Ryuu no Miko,,31911
Harukana Receive,,14999
Hatena Illusion,,18700
Haven't You Heard? I'm Sakamoto,Sakamoto Desu ga?,5263
Hayate the Combat Butler,Hayate no Gotoku!,35232
Hayate the Combat Butler! Cuties,Hayate no Gotoku! Cuties,11337
Hayate the Combat Butler: 2nd Season,Hayate no Gotoku!!,36013
Hayate the Combat Butler: Can't Take My Eyes Off You,Hayate no Gotoku! Can't Take My Eyes Off You,28750
He Is My Master,Kore ga Watashi no Goshujin-sama,25160
Healer Girl,,34763
Healin' Good Pretty Cure,Healin' Good Precure,25347
Heaven Official's Blessing Season 2,Tian Guan Cifu Er,39109
Heaven's Lost Property: Forte,Sora no Otoshimono Forte,30014
Heaven's Memo Pad,Kamisama no Memochu,2635
Heavenly Delusion,Tengoku Daimakyou,37283
Heaven’s Lost Property the Movie,Sora no Otoshimono,1495
Heavy Object,,27785
Helck,,37419
Hell Girl,Jigoku Shoujo,22043
Hell Girl: Fourth Twilight,Jigoku Shoujo: Yoi no Togi,21953
Hell Girl: Three Vessels,Jigoku Shoujo Mitsuganae,21989
Hell Girl: Two Mirrors,Jigoku Shoujo Futakomori,22016
Hell's Paradise,Jigokuraku,36043
Hellsing,,15709
Hellsing Ultimate,,11807
"Hensuki: Are You Willing to Fall in Love With a Pervert, As Long As She`s a Cutie?",Kawaikereba Hentai demo Suki ni Natte Kuremasu ka?,17287
Hero Mask,,26008
Heroman,,8958
Heybot!,,17017
Hi Scoool! Seha Girl,,19210
Hi Score Girl,High Score Girl,23591
Hi-Speed Jecy,High Speed Jessie,31745
Hidamari Sketch x 365,,36550
Hidamari Sketch: Sae Hiro Sotsugyou Hen,,36505
"Higehiro: After Being Rejected, I Shaved and Took in a High School Runaway",,21681
High Card,,34936
High School DxD BorN,,4334
High School DxD Hero,,14200
High School DxD New,,4347
High School Fleet,Haifuri,4484
High School Prodigies Have It Easy Even In Another World,Choujin Koukousei-tachi wa Isekai demo Yoyuu de Ikinuku You Desu!,17955
High-Rise Invasion,Tenkuu Shinpan,19922
Highschool DxD,,312
Highschool Of The Dead,,235
Highschool of the Dead: Drifters of the Dead (2011),,21633
Highspeed Etoile,,40765
Higurashi: When They Cry Gou,Higurashi no Naku Koro ni Gou,23913
Higurashi: When They Cry Sotsu,Higurashi no Naku Koro ni Sotsu,24804
Hikari no Densetsu,Legend of Light,40886
Himegoto,Secret Princess Himegoto,28795
Himouto! Umaru-chan,,2978
Himouto! Umaru-chan R,,13275
Hina Logic - from Luck & Logic,,10070
Hinako Note,,13405
Hinamatsuri,,14187
Hokkaido Gals Are Super Adorable!,Dosanko Gal wa Namara Menkoi,39594
Holy Knight,,41042
Horimiya,,20982
Horimiya: The Missing Pieces,Horimiya: Piece,37634
Horizon in the Middle of Nowhere,Kyoukaisen-jou no Horizon,35285
Horizon in the Middle of Nowhere II,Kyoukaisen-jou no Horizon II,35304
Hortensia Saga,,20620
Housing Complex C,C Danchi,33724
How a Realist Hero Rebuilt the Kingdom,Genjitsu Shugi Yuusha no Oukoku Saikenki,24186
How Heavy Are the Dumbbells You Lift?,Dumbbell Nan Kilo Moteru?,17606
How NOT to Summon a Demon Lord,Isekai Maou to Shoukan Shoujo no Dorei Majutsu,14471
How Not to Summon a Demon Lord Omega (Double Summon Version),Isekai Maou to Shoukan Shoujo no Dorei Majutsu Omega (Double Summon),22438
How Not to Summon a Demon Lord Ω,Isekai Maou to Shoukan Shoujo no Dorei Majutsu Omega,21675
How to Keep a Mummy,Miira no Kaikata,31090
Humanity Has Declined,Jinrui wa Suitai Shimashita,25334
Hundred,,4361
Hunter x Hunter (2011),,6124
Hurricane Polymar: Holy Blood,Shin Hurricane Polymar,39477
Hyakka Ryouran: Samurai Bride,,5807
Hyakka Ryouran: Samurai Girls,,11921
Hybrid x Heart Magias Academy Ataraxia,Masou Gakuen HxH,6085
Hyouka,,6565
Hyperdimension Neptunia - The Animation,Choujigen Game Neptune The Animation,13737
Hypnosis Mic: Division Rap Battle - Rhyme Anima +,HYPNOSISMIC -Division Rap Battle- Rhyme Anima PLUS,40582
Hypnosismic: Division Rap Battle - Rhyme Anima Plus,Hypnosis Mic: Division Rap Battle - Rhyme Anima +,38575
I Can't Undertand What My Husband Is Saying,Danna ga Nani o Itteiru ka Wakaranai Ken,1340
I Dream of Mimi,Buttobi!! CPU,24461
"I Got a Cheat Skill in Another World and Became Unrivaled in the Real World, Too","Isekai de Cheat Skill o Te ni Shita Ore wa, Genjitsu Sekai o mo Musou Suru: Level Up wa Jinsei o Kaeta",36036
I Shall Survive Using Potions!,Potion-danomi de Ikinobimasu!,38537
I Was Reincarnated as the 7th Prince so I Can Take My Time Perfecting My Magical Ability,"Tensei shitara Dainana Ouji Datta node, Kimama ni Majutsu wo Kiwamemasu",40782
I'm Giving the Disgraced Noble Lady I Rescued a Crash Course in Naughtiness,"Konyaku Haki sareta Reijou wo Hirotta Ore ga, Ikenai Koto wo Oshiekomu",38630
I'm in Love with the Villainess,Watashi no Oshi wa Akuyaku Reijou.,38655
I'm Quitting Heroing,"Yuusha, Yamemasu",29557
I'm Standing on a Million Lives,100-man no Inochi no Ue ni Ore wa Tatte Iru,19792
"I'm the Villainess, So I'm Taming the Final Boss",Akuyaku Reijou nano de Last Boss o Katte Mimashita,33108
I've Been Killing Slimes for 300 Years and Maxed Out My Level,,21690
I've Somehow Gotten Stronger When I Improved My Farm-Related Skills,Noumin Kanren no Skill Bakka Agetetara Naze ka Tsuyoku Natta.,33148
Id: Invaded,,18732
Idol Incidents,Idol Jihen,13692
Idolls!,Idolls! Idol Survival,29952
Idolmaster Cinderella Girls,IDOLM@STER Cinderella Girls,1844
Idoly Pride,,36429
If Her Flag Breaks,Kanojo ga Flag o Oraretara,28816
If I See You in My Dreams,Yume de Aetara,18523
Ikki Tousen,Ikkitousen,9134
Ikki Tousen: Dragon Destiny,Ikkitousen: Dragon Destiny,9121
Ikki Tousen: Great Guardians,Ikkitousen: Great Guardians,9148
Ikki Tousen: Xtreme Xecutor,Ikkitousen: Xtreme Xecutor,9161
il sole penetra le illusioni ~ Day Break Illusion,Genei o Kakeru Taiyou,16788
Immoral Guild,Futoku no Guild,33205
In Another World with My Smartphone,Isekai wa Smartphone to Tomo ni.,27999
In Another World with My Smartphone 2,Isekai wa Smartphone to Tomo ni. 2,36052
In Search of the Lost Future,Ushinawareta Mirai o Motomete,1552
In the Heart of Kunoichi Tsubaki,Kunoichi Tsubaki no Mune no Uchi,29475
In the Land of Leadale,Leadale no Daichi nite,28517
In/Spectre,Kyokou Suiri,34874
Inferious Interplanetary War Chronicle Condition Green,Inferious Wakusei Senshi Gaiden Condition Green,31650
Infinite Dendrogram,,18810
Infinite Ryvius,Mugen no Ryvius,23459
Initial D Fifth Stage,Initial D: Fifth Stage,40596
Initial D: Extra Stage,,21644
Initial D: First Stage,Initial D First Stage,36878
Initial D: Fourth Stage,Initial D Fourth Stage,37021
Initial D: Second Stage,Initial D Second Stage,36914
Insomniacs After School,Kimi wa Houkago Insomnia,37075
Interviews with Monster Girls,Demi-chan wa Kataritai,8416
Inugami-san to Nekoyama-san,,30904
Inukami!,,35333
Inuyasha,,15940
InuYasha: The Final Act,,11047
Inuyashiki Last Hero,,14755
Ippon! Again,Mou Ippon!,34951
Ipponbouchou Mantarou,Ippon Bouchou Mantarou,31789
Iria: Zeiram The Animation,,39827
Irina: The Vampire Cosmonaut,Tsuki to Laika to Nosferatu,27749
Iroduku: The World in Colors,Irozuku Sekai no Ashita kara,33252
Iron Man,,41392
Irresponsible Captain Tylor OVA,Musekinin Kanchou Tylor OVA,34397
Is It Wrong to Try to Pick Up Girls in a Dungeon?,Dungeon ni Deai o Motomeru no wa Machigatte Iru Darouka: Familia Myth,29999
Is It Wrong to Try to Pick Up Girls in a Dungeon? II,Dungeon ni Deai o Motomeru no wa Machigatte Iru Darouka: Familia Myth II,17195
Is It Wrong to Try to Pick Up Girls in a Dungeon? III,Dungeon ni Deai o Motomeru no wa Machigatte Iru Darouka: Familia Myth III,19765
Is It Wrong to Try to Pick Up Girls in a Dungeon? IV,Dungeon ni Deai o Motomeru no wa Machigatte Iru Darouka: Familia Myth IV,31072
Is the Order a Rabbit?,Gochuumon wa Usagi Desuka?,19197
Is the Order a Rabbit? Bloom,Gochuumon wa Usagi Desuka? Bloom,26213
Is the Order a Rabbit??,Gochuumon wa Usagi Desu ka 2nd,3184
Is This a Zombie?,Kore wa Zombie Desuka?,22295
IS: Infinite Stratos,,27217
IS: Infinite Stratos 2,,27204
Isekai Quartet,,17659
Ishuzoku Reviewers,,18674
Island,,15025
Iwakakeru: Sport Climbing Girls,Iwa Kakeru! Sport Climbing Girls,26186
Ixion Saga: Dimension Transfer,Ixion Saga DT,25969
Izumo,,31792
I’m Standing on a Million Lives Season 2,100-man no Inochi no Ue ni Ore wa Tatte Iru (2021),24962
Jellyfish Can't Swim in the Night,Yoru no Kurage wa Oyogenai,40849
Jigoku Sensei Nube,,24986
Jinsei,,751
JoJo's Bizarre Adventure: Stardust Crusaders,JoJo no Kimyou na Bouken: Stardust Crusaders,4156
JoJo's Bizarre Adventure: Stardust Crusaders - Battle In Egypt,JoJo no Kimyou na Bouken: Stardust Crusaders (2015),4497
JoJo's Bizarre Adventure: Stone Ocean,JoJo no Kimyou na Bouken: Stone Ocean,27599
Joker,Kaitou Joker,28777
Joran: The Princess of Snow and Blood,Jouran: The Princess of Snow and Blood,24468
Jormungand,,21210
Jormungand: Perfect Order,,21223
Juden Chan,Fight Ippatsu! Jūden-chan!!,13817
Jujutsu Kaisen,,20460
Juni Taisen: Zodiac War,Juuni Taisen,13313
Just Because!,,14122
K-On!,,26850
K-On!!,K-On!! Season 2,672
Kabaneri of the Iron Fortress,Kotetsujo no Kabaneri,4256
Kageki Shojo!!,,24265
Kageyama Tamio no Double Fantasy,,31795
Kaguya-sama Love is War Season 2,Kaguya-sama wa Kokurasetai? Tensai-tachi no Ren'ai Zunousen,29324
Kaguya-sama: Love is War,Kaguya-sama wa Kokurasetai,16735
Kaguya-sama: Love Is War - Ultra Romantic,Kaguya-sama wa Kokurasetai: Ultra Romantic,29939
Kaiba,,25943
Kaiji: Ultimate Survivor,Gyakkyou Burai Kaiji: Ultimate Survivor,29057
Kaiju No. 8,Kaijuu 8-gou,40911
Kaina of the Great Snow Sea,Ooyuki Umi no Kaina,34928
Kakegurui,,15419
Kakegurui Twin,,31135
Kakegurui XX,,26101
Kakuriyo -Bed & Breakfast for Spirits-,Kakuriyo no Yadomeshi,15269
Kaleido Star,,38476
Kamen no Maid Guy,,12704
KamiErabi GOD.app,Kamierabi,38612
Kamigami no Asobi,,28732
KamiKatsu: Working for God in a Godless World,Kaminaki Sekai no Kamisama Katsudou,36073
Kamisama Dolls,,37521
Kamisama Kiss,Kamisama Hajimemashita,30627
Kamisama Kiss 2,Kamisama Hajimemashita 2,30605
KanColle,Kantai Collection: KanColle,30363
KanColle Season 2: Let's Meet at Sea,KanColle: Itsuka Ano Umi de,34353
Kandagawa Jet Girls,,17866
Kannagi: Crazy Shrine Maidens,,6693
Kanokon: The Girl Who Cried Fox,,10368
Kanon,,5238
Karakuri Circus,,17766
Karen Senki,,28855
Karneval,,30180
Kasei Yakyoku,,31524
Katana Maidens: Toji no Miko,,14267
Katana Maidens: Tomoshibi,Toji no Miko: Kizamishi Issen no Tomoshibi,20905
Katanagatari,,19975
Katsugeki: Touken Ranbu,,14933
Katte ni Kaizou,,41284
Kawagoe Boys Sing,Kawagoe Boys Sing: Now or Never,38813
Keep Your Hands Off Eizouken!,Eizouken ni wa Te o Dasuna!,18965
Keijo!!!!!!!!,,7022
Kemeko Deluxe!,,5820
Kemono Friends,,8455
Kemono Jihen,,20375
Kemono Michi: Rise Up,,17903
Kemurikusa,,16708
Kenichi the Mightiest Disciple,,15763
Kenka Banchou Otome: Girl Beats Boys,,24922
Kill la Kill,,26075
Kill Me Baby,,7844
Killing Bites,,14742
Kimagure Orange Road,,23993
Kimi ni Todoke - From Me to You,,5289
KING'S RAID: Successors of the Will,King's Raid: Ishi o Tsugu Mono-tachi,20511
Kinmoza!,Kiniro Mosaic,29042
Kino's Journey: The Beautiful World,Kino no Tabi: The Beautiful World,29145
Kino's Journey: The Beautiful World - The Animated Series,Kino no Tabi: The Beautiful World - The Animated Series,26499
Kiss X Sis,,563
Kite,A Kite,39474
Kiznaiver,,4228
Kizuna no Allele,,36180
Knight's & Magic,,10058
Kodomo no Jikan,,12663
Koe de Oshigoto!,,12131
Koikimo,Koi to Yobu ni wa Kimochi Warui,21707
Koiko no Mainichi,,31585
Kokkoku,,14663
Kokoro Connect,,22216
Komi Can't Communicate,"Komi-san wa, Komyushou Desu.",26114
Komori-san Can't Decline!,Komori-san wa Kotowarenai!,29055
Kono Oto Tomare! Sounds of Life,Kono Oto Tomare!,36196
Konohana Kitan,,13458
Konosuba: An Explosion on this Wonderful World!,Kono Subarashii Sekai ni Bakuen o!,36071
Konosuba: God's Blessing on This Wonderful World!,Kono Subarashii Sekai ni Shukufuku o!,30503
Konosuba: God's Blessing on This Wonderful World! 2,Kono Subarashii Sekai ni Shukufuku o! 2,30509
KonoSuba: God's Blessing on This Wonderful World! 3,Kono Subarashii Sekai ni Shukufuku wo! 3,40811
Kotaro Lives Alone,Kotarou wa Hitorigurashi,28580
Kubo Won't Let Me Be Invisible,Kubo-san wa Mob o Yurusanai,34893
Kuma Kuma Kuma Bear,,19805
Kuma Kuma Kuma Bear Punch!,,36054
Kuroko's Basketball Season 3,Kuroko no Basket 3rd Season,2258
Kuromukuro,,6525
La Storia della Arcana Famiglia,Arcana Famiglia: La Storia della Arcana Famiglia,33352
Ladies versus Butlers!,,4917
Ladyspo,,16941
Laid-Back Camp,Yuru Camp,34561
Laid-Back Camp Season 2,Yuru Camp Season 2,34575
Laid-Back Camp Season 3,Yuru Camp Season 3,40823
Lance N' Masques,,29096
Land of the Lustrous,Houseki no Kuni,13340
Last Exile,,11350
"Last Exile: Fam, The Silver Wing",Last Exile: Gin'yoku no Fam,14835
Last Period: The Journey to the End of the Despair,Last Period: Owarinaki Rasen no Monogatari,35186
Laughing Salesman,Warau Salesman,32100
LBX Girls,Soukou Musume Senki,20607
League of Nations Air Force Aviation Magic Band Luminous Witches,Renmei Kuugun Koukuu Mahou Ongakutai Luminous Witches,30949
Legend of Crystania,,39239
Legend of Mana: The Teardrop Crystal,Seiken Densetsu: Legend of Mana - The Teardrop Crystal,33963
Level 1 Demon Lord and One Room Hero,Lv1 Maou to One Room Yuusha,37337
Liar Liar,,37413
Libra of Nil Admirari,Nil Admirari no Tenbin,19134
Life Lessons with Uramichi Oniisan,Uramichi Onii-san,24833
Life with an Ordinary Guy Who Reincarnated into a Total Fantasy Knockout,Fantasy Bishoujo Juniku Ojisan to,28528
Lime-Colored History of War,"Lime-iro Senkitan: Meiji Nippon, Otome Sakimorisu.",14479
Linebarrels of Iron,Kurogane no Linebarrels,29685
Link Click,Shiguang Dailiren,33232
Link Click Season 2,Shiguang Dailiren II,37452
"Listen to Me, Girls. I Am Your Father!",Papa no Iu Koto o Kikinasai!,35324
Little Busters!,,37
Little Busters! Refrain,,13240
Little Witch Academia,,9508
Log Horizon,,192
Log Horizon 2,Log Horizon (2014),28166
Log Horizon: Destruction of the Round Table,Log Horizon: Entaku Houkai,28144
Long Riders!,,11600
Lord El-Melloi II's Case Files: Rail Zeppelin Grace Note,Lord El-Melloi II-sei no Jikenbo: Rail Zeppelin Grace Note,25247
Lord Marksman and Vanadis,Madan no Ou to Vanadis,8377
Lost Universe,,18236
Lostorage incited WIXOSS,,9330
Love After World Domination,Koi wa Sekai Seifuku no Ato de,29569
Love Flops,Renai Flops,33207
Love Hina,,18332
Love Lab,,33365
Love Live! School idol project,,4835
Love Live! Sunshine!!,,25776
Love Live! Sunshine!! Season 2,Love Live! Sunshine!! (2017),25787
Love Live! Superstar!! 2nd Season,Love Live! Superstar!! (2022),31171
Love of Kill,Koroshi A,28472
Love Stage!!,,2569
Love To-LIE-Angle,Tachibana-kan to Lie Angle - Tachibanakan Triangle,18223
Love Tyrant,Renai Boukun,9273
"Love, Chunibyo & Other Delusions!",Chuunibyou demo Koi ga Shitai,1096
"Love, Chunibyo & Other Delusions! -Heart Throb-",Chunibyo demo Koi ga Shitai! Ren,5892
Lucifer and the Biscuit Hammer,Hoshi no Samidare,31059
Lucky Star,,11896
Lupin the 3rd Part 4,Lupin Sansei (2015),33392
Lupin the Third TV,,28236
Lupin Zero,,36419
Lycoris Recoil,,31007
M3 the dark metal,M3: Sono Kuroki Hagane,13765
Macross Delta,,6298
Macross Plus,,25636
Made in Abyss,,13418
Made in Abyss: The Golden City of the Scorching Sun,Made in Abyss: Retsujitsu no Ougonkyou,31257
Maesetsu! Opening Act,,26407
Magi: Adventure of Sinbad,,4822
Magi: Kingdom of Magic,,1974
Magi: The Labyrinth of Magic,,33446
Magia Record: Puella Magi Madoka Magica Side Story,Magia Record: Mahou Shoujo Madoka Magica Gaiden,18848
Magia Record: Puella Magi Madoka Magica Side Story 2nd Season - The Eve of Awakening,Magia Record: Mahou Shoujo Madoka Magica Gaiden 2nd Season - Kakusei Zen'ya,24404
Magic-kyun! Renaissance,,12777
Magica Wars,Mahou Shoujo Taisen,33419
Magical Destroyers,Mahou Shoujo Magical Destroyers,36107
Magical Girl Lyrical Nanoha ViVid,Mahou Shoujo Lyrical Nanoha Vivid,1671
Magical Girl Raising Project,Mahou Shoujo Ikusei Keikaku,7009
Magical Girl Site,Mahou Shoujo Site,14214
Magical Sempai,Tejina Senpai,17479
Magical Shopping Arcade Abenobashi,Abenobashi Mahou Shoutengai,27577
Magician's Academy,Macademi Wasshoi!,12174
Mahoraba ~Heartful days~,,11484
Mahoromatic: Automatic Maiden,,11471
Mahou Shoujo Nante Mouiidesukara,Mahou Shoujo Nante Mou Ii Desu kara.,33379
Mai-HiME,,6638
Mai-Otome 0: S.ifr,,21966
Maid Sama,,9050
Maison Ikkoku,,34197
Majestic Prince,Ginga Kikoutai Majestic Prince,25176
Majimoji Rurumo,,471
Majokko Meg-chan,Little Meg the Witch Girl,32174
Major 2nd,,19675
Major Second Season 2,Major 2nd (2020),19630
Majutsushi Orphen Hagure Tabi: Seiiki-hen,Sorcerous Stabber Orphen: Doom of Dragon's Sanctuary,36261
Maken-ki!,,956
Maken-ki! Two,,969
Malevolent Spirits: Mononogatari,Mononogatari,34933
Management of a Novice Alchemist,Shinmai Renkinjutsushi no Tenpo Keiei,33852
Manaria Friends,,19160
Mangirl!,,11524
Maoyu: Archenemy & Hero,Maoyuu Maou Yuusha,33525
Maria Holic Alive,,20802
Maria the Virgin Witch,Junketsu no Maria,6861
Mars Red,,23194
Martian Successor Nadesico,Kidou Senkan Nadesico,30232
Masamune-kun's Revenge,,8496
Masamune-kun's Revenge R,Masamune-kun no Revenge R,37580
Mashle: Magic and Muscles,Mashle,36116
Mawaru Penguidrum,,7570
Mayo Chiki!,,9298
Medabots,,13045
Megalobox,,14413
Megaman: Upon a Star,Rockman: Hoshi ni Negai o,11295
Megami Paradise,,31798
Megaton-kyuu Musashi,,30273
Megaton-kyuu Musashi 2nd Season,Megaton Musashi X,41076
Meiji Gekken: 1874,,39789
Meiji Tokyo Renka,,19121
MekakuCity Actors,,654
Metallic Rouge,,39633
MF Ghost,,38243
Michiko to Hacchin,,5846
Mieruko-chan,,26147
Migi & Dali,Migi to Dali,38413
Mikagura School Suite,Mikagura Gakuen Kumikyoku,1673
Military!,,1611
Million Arthur Season 2,Han-Gyaku-Sei Million Arthur S2,18038
Million Doll,,2295
Mirai Nikki,The Future Diary,31717
Miru Tights,,17168
Miss Kobayashi's Dragon Maid,Kobayashi-san Chi no Maid Dragon,8654
Miss Kobayashi's Dragon Maid S,Kobayashi-san Chi no Maidragon S,23133
Miss Kuroitsu from the Monster Development Department,Kaijin Kaihatsubu no Kuroitsu-san,28326
Miss Machiko,Maicching Machiko-sensei,24250
Miss Monochrome: The Animation,,33590
Miss Monochrome: The Animation 2,,33604
Miss Monochrome: The Animation 3,,33618
Mix Master: King of Cards,Card Wang Mix Master,13174
Mix: Meisei Story,,36974
Mix: Meisei Story 2nd Season,"Mix: Meisei Story 2nd Season - Nidome no Natsu, Sora no Mukou e",37002
Miyuki,,32488
Mob Psycho 100 II,,16260
Mob Psycho 100 III,,34382
Mobile Fighter G Gundam,,14045
Mobile Suit Gundam,Kidou Senshi Gundam,33304
Mobile Suit Gundam 00,Kidou Senshi Gundam 00,20725
Mobile Suit Gundam 0083: Stardust Memory,,29429
Mobile Suit Gundam AGE,Kidou Senshi Gundam AGE,36573
Mobile Suit Gundam SEED,Kidou Senshi Gundam SEED,15445
Mobile Suit Gundam SEED Destiny,Kidou Senshi Gundam SEED Destiny,15644
Mobile Suit Gundam Wing,Shin Kidou Senki Gundam Wing,22488
Mobile Suit Gundam: Iron-Blooded Orphans,Kido Senshi Gundam: Tekketsu no Orphans,3060
Mobile Suit Gundam: The 08th MS Team,Kidou Senshi Gundam,21180
Mobile Suit Gundam: The Origin,Kidou Senshi Gundam: The Origin,30718
Mobile Suit Gundam: The Witch from Mercury,Kidou Senshi Gundam: Suisei no Majo,33180
Momo Kyun Sword,Momokyun Sword,8628
Momoiro Sisters,,18411
Monkey Typhoon,Asobot Senki Gokuu,40693
Monogatari Series: Second Season,,34456
Monster Girl Doctor,Monster Musume no Oisha-san,20633
Monster Rancher,Monster Farm,11142
Monthly Girls' Nozaki-kun,Gekkan Shōjo Nozaki-kun,4045
"More Than a Married Couple, but Not Lovers.","Fuufu Ijou, Koibito Miman.",33163
Moriarty the Patriot,Yuukoku no Moriarty,26251
Mother of the Goddess' Dormitory,Megami-ryou no Ryoubo-kun.,23137
Motto To Love-Ru: Trouble,To Love-Ru Season 2,22275
Mouse,,15864
Mr. Osomatsu,Osomatsu-san,34799
Mr. Villain's Day Off,Kyuujitsu no Warumono-san,39800
Murder Princess,,41416
Muromi-san,Namiuchigiwa no Muromi-san,33670
Mushibugyo,Mushibugyou,33637
Mushoku Tensei: Jobless Reincarnation,Mushoku Tensei: Isekai Ittara Honki Dasu,19878
Mushoku Tensei: Jobless Reincarnation Season 2,Mushoku Tensei II: Isekai Ittara Honki Dasu,37613
Muv-Luv Alternative,,27094
Muv-Luv Alternative: Total Eclipse,,33478
My Clueless First Friend,Jijou o Shiranai Tenkousei ga Guigui Kuru.,36091
My Daughter Left the Nest and Returned an S-Rank Adventurer,Boukensha ni Naritai to Miyako ni Deteitta Musume ga S Rank ni Natteta,38607
My Dress-Up Darling,Sono Bisque Doll wa Koi o Suru,27592
My Girlfriend is Shobitch,Boku no Kanojo ga Majime Sugiru Shobitch na Ken,13288
My Happy Marriage,Watashi no Shiawase na Kekkon,39138
My Hero Academia,Boku no Hero Academia,4242
My Hero Academia Season 2,Boku no Hero Academia S2,13379
My Hero Academia Season 3,Boku no Hero Academia S3,15064
My Hero Academia Season 4,Boku no Hero Academia S4,18783
My Hero Academia Season 5,Boku no Hero Academia S05,21754
My Hero Academia Season 6,Boku no Hero Academia (2022),34508
My Hero Academia Season 7,Boku no Hero Academia 7th Season,41198
My Home Hero,,36085
My Instant Death Ability Is Overpowered,"Sokushi Cheat ga Saikyou sugite, Isekai no Yatsura ga Marude Aite ni Naranai n desu ga.",39582
My Isekai Life: I Gained a Second Character Class and Became the Strongest Sage in the World!,"Tensei Kenja no Isekai Life: Daini no Shokugyou o Ete, Sekai Saikyou ni Narimashita",31022
My Life as Inukai-san's Dog.,Inu ni Nattara Suki na Hito ni Hirowareta.,34844
My Love Story with Yamada-kun at Lv999,Yamada-kun to Lv999 no Koi o Suru,36129
My Master Has No Tail,Uchi no Shishou wa Shippo ga Nai,33973
My Next Life as a Villainess: All Routes Lead to Doom!,Otome Game no Hametsu Flag shika Nai Akuyaku Reijou ni Tensei Shiteshimatta...,25048
My Next Life as a Villainess: All Routes Lead to Doom! X,Otome Game no Hametsu Flag shika Nai Akuyaku Reijou ni Tensei Shiteshimatta... X,24949
My One-Hit Kill Sister,Isekai One Turn Kill Nee-san: Ane Douhan no Isekai Seikatsu Hajimemashita,36076
My Otome Zwei,Mai-Otome Zwei,21970
My Senpai Is Annoying,Senpai ga Uzai Kouhai no Hanashi,26897
My Stepmom's Daughter Is My Ex,Mamahaha no Tsurego ga Motokano Datta,31033
My Sweet Tyrant,Akkun to Kanojo,19379
My Teen Romantic Comedy SNAFU,Yahari Ore no Seishun LoveCome wa Machigatte Iru,7941
My Teen Romantic Comedy: SNAFU Climax,Yahari Ore no Seishun LoveCome wa Machigatte Iru. Kan,19600
My Tiny Senpai,Uchi no Kaisha no Chiisai Senpai no Hanashi,37677
My Unique Skill Makes Me OP Even at Level 1,Level 1 Dakedo Unique Skill de Saikyou Desu,37352
My Wife is the Student Council President,Okusama ga Seitokaichou!,2965
My-Otome,Mai Otome,8985
Myriad Colors Phantom World,Musaigen no Phantom World,3528
Myself; Yourself,,36325
Mysterious Disappearances,Kaii to Otome to Kamikakushi,40807
Nadia: The Secret of Blue Water,Fushigi no Umi no Nadia,24527
Nagasarete Airantou,,14095
Nagi-Asu: A Lull in the Sea,Nagi no Asukara,2138
NAKAIMO - My Little Sister Is Among Them!,"Kono Naka ni Hitori, Imōto ga Iru!",12117
Nana,,27496
Nanana's Buried Treasure,Ryuugajou Nanana no Maizoukin (2014),6033
Nanbaka,,7138
Natsuyuki Rendezvous,,34541
Needless,,12415
Negima!,Mahou Sensei Negima!,29159
Negima!? OVAs,,25637
Nekomonogatari (Black): Tsubasa Family,Nekomonogatari: Kuro,546
Nekopara (2020),,18757
Neon Genesis Evangelion,Shinseiki Evangelion,23649
Netsuzou Trap: NTR,,13601
New Cutey Honey,Shin Cutey Honey,14733
New Game!,,6059
Next War Chronicle Ehrgeiz,Next Senki Ehrgeiz,31801
Nichijou - My Ordinary Life,,7679
NieR:Automata Ver1.1a,,34840
Night Head 2041,,23733
Night Warriors: Darkstalkers' Revenge,Vampire Hunter,30095
Ningen Fushin: Adventurers Who Don't Believe in Humanity Will Save the World,Ningen Fushin no Boukensha-tachi ga Sekai o Sukuu You Desu,34853
Ninja Scroll: The Series,Juubee Ninpuuchou: Ryuuhougyoku Hen,25142
Ninkuu,,32655
Nisekoi: False Love,,1310
Nisekoi: False Love S2,,20996
Nisemonogatari,,34409
No Game No Life,,36391
No Guns Life,,18073
No-Rin,Nourin,5958
Noblesse,,19818
Nobunaga Concerto,,34601
Nobunaga The Foo,,16683
Nobunagun,,34680
Nodame Cantabile,,28673
Nodame Cantabile,,31413
Nodame Cantabile: Paris Hen,,31446
Nogizaka Haruka no Himitsu: Purezza,,12187
Nomad: Megalobox 2,Nomad: Megalo Box 2,22730
Non Non Biyori,,10434
Non Non Biyori Repeat,,34699
Noragami,,27042
Noragami Aragoto,,3197
Nozomi Witches,,31904
Nura: Rise of the Yokai Clan,Nurarihyon no Mago,14848
Nurse Witch Komugi R,Nurse Witch Komugi-chan R,34726
Nyan Koi!,,7649
O Maidens in Your Savage Season,Araburu Kisetsu no Otome-domo yo.,17208
Oban Star-Racers,,29009
Oblivion Battery,Boukyaku Battery (TV),40964
Obsolete,,30154
Occultic;Nine,,7049
Odd Taxi,,22630
Ojamajo Doremi,,12791
Okko's Inn,Wakaokami wa Shougakusei!,38246
Okusama wa Maho Shojo,,14690
Omamori Himari,,18396
One Outs,,25736
One Piece,,1694
One Punch Man,,3048
One Punch Man S02,,17004
One Room,,26313
One Room: Second Season,One Room S2,26320
One Room: Third Season,One Room S3,26326
One Week Friends,,8087
OniAi,Onii-chan Dakedo Ai Sae Areba Kankei Nai yo ne,11873
Onigiri,,30075
ONIMAI: I'm Now Your Sister!,Onii-chan wa Oshimai!,34908
Operation Han-Gyaku-Sei Million Arthur,,15432
Orange,,6665
Ore no Sora: Keiji Hen,,31602
Oreimo,Ore no Imouto ga Konna ni Kawaii Wake ga Nai,7663
Oreshura,Ore no Kanojo to Osananajimi ga Shuraba Sugiru,34784
ORESUKI: Are you the only one who loves me?,Ore o Suki na no wa Omae Dake ka yo,17942
Orient,,28496
Oruchuban Ebichu,,16843
Osamake: Romcom Where The Childhood Friend Won't Lose,Osananajimi ga Zettai ni Makenai Love Comedy,22682
Oshi no Ko,,36300
Otaku Elf,Edomae Elf,36111
Otherside Picnic,Ura Sekai Picnic,20594
Our Dating Story: The Experienced You and the Inexperienced Me,"Keiken Zumi na Kimi to, Keiken Zero na Ore ga, Otsukiai Suru Hanashi.",38344
Our Last Crusade or the Rise of a New World,,20955
Our Love Has Always Been 10 Centimeters Apart,Itsudatte Bokura no Koi wa 10 Centi Datta,23292
Outlaw Star,,4441
Overlord,Overlord Season 1,2300
Overlord II,Overlord Season 2,30218
Overlord III,Overlord Season 3,14464
Overlord IV,Overlord Season 4,30854
Overtake!,,39028
Owarimonogatari,,3081
Owarimonogatari,,34424
Oz,,31805
Pandora Hearts,,7529
Pandora in the Crimson Shell,Koukaku no Pandora: Ghost Urn,7221
Panty & Stocking with Garterbelt,,3766
Panzer World Galient,Kikou Kai Galient,18306
Papillon Rose,Papillon Rose: New Season,35344
Paradox Live the Animation,,38698
Paranoia Agent,Mousou Dairinin,22183
Parasite Dolls,,23090
Parasyte -the maxim-,Kiseijuu: Sei no Kakuritsu,1935
Pastel Memories,,15639
Pause! Let Me Check the Walkthrough First,Zanting! Rang Wo Cha Gonglue,38563
Peace Maker Kurogane,Peacemaker Kurogane,35386
Peach Boy Riverside,,23162
Peach Girl: Super Pop Love Hurricane,Peach Girl,27857
Penguindrum,Mawaru Penguindrum,29447
Persona 4 The Golden Animation,,929
PERSONA 5 the Animation,,15097
Peter Grill and the Philosopher's Time,Peter Grill to Kenja no Jikan,19287
Peter Grill and the Philosopher's Time: Super Extra,Peter Grill to Kenja no Jikan: Super Extra,33171
Phantasy Star Online 2 The Animation,,26381
Phantasy Star Online 2: Episode Oracle,,18978
Phantom of the Idol,Kami Kuzu Idol,31343
Phantom ~Requiem for the Phantom~,,11699
Phoenix: Eden17,Hi no Tori: Eden no Sora,38224
Photo Kano,,5982
Photon: The Idiot Adventures,Photon,35094
Plastic Little,,35181
Platinum End,,25664
Please Teacher!,Onegai Teacher,22319
Please tell me! Galko-chan,Oshiete! Galko-chan,17646
Please Twins!,,21161
Plunderer,,18687
Pluto,,38717
Pokemon,,3224
Pokemon Chronicles,,12860
Pokemon Sun & Moon,,9875
Pokemon XY & Z,,6589
Pokemon: Black and White,Pocket Monsters: Best Wishes!,10665
Pokemon: Diamond & Pearl,,10161
Pokemon: Ruby and Sapphire,Pocket Monsters Advanced Generation,10824
Pokemon: XY,,9930
Polar Bear Cafe,Shirokuma Cafe,35043
Police in a Pod,Hakozume: Kouban Joshi no Gyakushuu,29209
Pretty Guardian Sailor Moon Crystal,Bishoujo Senshi Sailor Moon: Crystal,2039
Prima Doll,,30961
Princess Lover!,,12582
Princess Principal,,9920
Prism Ark,,12467
Prison School,,2297
"Problem Children Are Coming from Another World, Aren't They?",Mondaiji-tachi ga Isekai kara Kurusou Desu yo?,33625
Protocol: Rain,Bokura no Ame-iro Protocol,38387
Psycho-Pass,,288
Psycho-Pass 2,,2991
Psycho-Pass 3,,19954
Psycho-Pass 3: First Inspector,,19950
Puella Magi Madoka Magica,Mahou Shoujo Madoka★Magica,1401
Pumpkin Scissors,,26460
Puraore! Pride of Orange,,27179
Qualidea Code,,5921
Queen's Blade 2: The Evil Eye,,11021
Queen's Blade: Rebellion,,10612
Queen's Blade: The Exiled Virgin,,10998
R-15,,14019
R.O.D -The TV-,,11377
R.O.D: Read or Die,,38213
Rage of Bahamut: Genesis,Shingeki no Bahamut: Genesis,1238
Ragna Crimson,,38469
RahXephon,,41150
Rail Wars!,,803
Ranking of Kings,Ousama Ranking,28411
Ranking of Kings: The Treasure Chest of Courage,Ousama Ranking: Yuuki no Takarabako,36542
Rascal Does Not Dream of Bunny Girl Senpai,,15211
Re-Kan!,,31956
Re-Main,,24820
Re:CREATORS,,9695
Re:Cutie Honey,Re: Cutey Honey,39471
Re:Monster,,40778
Re:Zero - Starting Life in Another World (Director's Cut),Re:Zero kara Hajimeru Isekai Seikatsu,19435
Re:Zero - Starting Life in Another World OVAs,,19419
Re:ZERO -Starting Life in Another World- S02,,20058
Real Girl,3D Kanojo: Real Girl,19354
"Reborn as a Vending Machine, I Now Wander the Dungeon",Jidouhanbaiki ni Umarekawatta Ore wa Meikyuu o Samayou,37317
Reborn to Master the Blade: From Hero-King to Extraordinary Squire,"Eiyuu Ou, Bu o Kiwameru Tame Tenseisu: Soshite, Sekai Saikyou no Minarai Kishi",34895
Reborn!,Katekyou Hitman Reborn!,21404
"Recently, my sister is unusual","Saikin, Imouto no Yousu ga Chotto Okashiinda ga",10638
Record of Grancrest War,Grancrest Senki,14427
Record of Lodoss War,Lodoss-tou Senki,25754
Record of Ragnarok,Shuumatsu no Walkure,23636
Recovery of an MMO Junkie,Netojuu no Susume,13432
Red Ash Gearworld,,39635
Redo of Healer,Kaifuku Jutsushi no Yarinaoshi,19892
Redo of Healer (Uncensored),Kaifuku Jutsushi no Yarinaoshi,38400
Reign of the Seven Spellblades,Nanatsu no Maken ga Shihai Suru,37442
Reincarnated as a Sword,Tensei Shitara Ken Deshita,33097
Release the Spyce,,15148
Relife,,6338
Remake Our Life!,Bokutachi no Remake,23223
Renkin San-kyuu Magical? Pokaan,Magical Pokan,14704
Rent-a-Girlfriend,"Kanojo, Okarishimasu",19422
Revenger,,34914
Revolutionary Girl Utena,,16318
Revue Starlight,Shoujo Kageki Revue Starlight,27837
Rewrite,,6271
Riddle Story of Devil,Akuma no Riddle,21009
Rideback,Ride Back,8641
Rifle Is Beautiful,Chidori RSC,17892
RIN-NE,Kyoukai no Rinne,13614
Rin: Daughters of Mnemosyne,Mnemosyne: Mnemosyne no Musume-tachi,21821
Rinkai!,,41331
Rio - Rainbow Gate,,14506
Robot Girls Z,,7956
Rocket Girls,,23395
Rokka: Braves of the Six Flowers,,2776
Rokudo's Bad Girls,Rokudou no Onna-tachi,36103
Romantic Killer,,33711
Romeo and The Black Brothers,Romeo no Aoi Sora,29503
Romeo × Juliet,,15244
Ron Kamonohashi's Forbidden Deductions,Kamonohashi Ron no Kindan Suiri,38420
Rosario + Vampire,,9861
Rosario + Vampire Capu2,,4781
RPG Real Estate,RPG Fudousan,29443
Rumble Garanndoll,Gyakuten Sekai no Denchi Shoujo,28554
Rurouni Kenshin,,16163
Rurouni Kenshin (2023),Rurouni Kenshin: Meiji Kenkaku Romantan (2023),37432
RWBY: Ice Queendom,RWBY: Hyousetsu Teikoku,31041
Sabagebu! Survival Game Club!,Sabagebu!,31465
Saber Marionette J Again,,10979
Saber Marionette R,,11127
Sabikui Bisco,,28482
Sacred Seven,,24494
Sacrificial Princess and the King of Beasts,Niehime to Kemono no Ou,36387
Saekano: How to Raise a Boring Girlfriend Flat,,9767
Saga of Tanya the Evil,Youjo Senki,8482
Sagrada Reset,,13485
Sailor Moon,,11987
Sailor Moon R,,12034
Sailor Moon S,,12078
Sailor Moon Sailor Stars,,12218
Sailor Moon SuperS,,12134
Saint Cecilia and Pastor Lawrence,Shiro Seijo to Kuro Bokushi,37333
Saint Seiya: Knights of the Zodiac - Battle for Sanctuary Part 2,Saint Seiya: Knights of the Zodiac - Battle Sanctuary Part 2,40924
Saint Seiya: Knights of the Zodiac S01,Saint Seiya,24050
Saint Seiya: Knights of the Zodiac S02,Saint Seiya,24066
Saint Seiya: Knights of the Zodiac S03,Saint Seiya,24083
Saint Seiya: Knights of the Zodiac S04,Saint Seiya,24094
Saint Tail,Kaitou Saint Tail,23842
Saiyuki Reload Blast,,29293
Saki,,262
Saki - The Nationals,,5433
Saki: Achiga-hen Episode of Side A,Saki Episode of Side A,1074
Sakugan,,27072
Sakura Quest,,13562
Sakura Trick,,1127
Samurai Champloo,,3733
Samurai Harem,Asu no Yoichi!,18376
Samurai Pizza Cats,Cat Ninden Teyandee,12480
Sanctuary,,31915
Sand Land: The Series,,40934
Sankarea: Undying Love,,9105
Sasaki and Miyano,Sasaki to Miyano,36642
Sasaki and Peeps,Sasaki to Pii-chan,39659
"Saving 80,000 Gold in Another World for My Retirement",Rougo ni Sonaete Isekai de 8-manmai no Kinka o Tamemasu,34906
Scarlet Nexus,,24902
School Babysitters,Gakuen Babysitters,32081
School Rumble,,41207
School Rumble: 2nd Semester,School Rumble Ni Gakki,25530
School-Live!,Gakkou Gurashi!,2763
Schoolgirl Strikers Animation Channel,,8468
Scum's Wish,Kuzu no Honkai,8602
Seirei Gensouki: Spirit Chronicles,Seirei Gensouki,23547
Seiren,,14947
Seitokai Yakuindomo,,20921
Seitokai Yakuindomo S2,Seitokai Yakuindomo Season 2,20815
Sekai Meisaku Gekijou Kanketsu Ban: Daisougen no Chiisana Tenshi Bush Baby,Daisougen no Chiisana Tenshi: Bush Baby Specials,32089
Sekirei,,1466
Sekirei: Pure Engagement,,1480
Selection Project,,26426
Selector Infected WIXOSS,,916
Selector Spread Wixoss,,4930
Sengoku Basara: Samurai Kings,,6552
Sengoku Collection,,12555
Sengoku Night Blood,,12764
Sengoku Youko,,39625
Senki Zesshou Symphogear,,5932
Senki Zesshou Symphogear AXZ,,13471
Senran Kagura: Ninja Flash!,,6970
Senran Kagura: Shinovi Master,,15141
Seraph of the End: Battle in Nagoya,Owari no Seraph: Nagoya Kessen Hen,29981
Seraph of the End: Vampire Reign,Owari no Seraph,1665
Serial Experiments Lain,,4948
Servamp,,6111
Servant x Service,,25408
Seton Academy: Join the Pack!,Murenase! Seton Gakuen,18712
Seven Cities Story: Arctic Front,Nana Toshi Monogatari: Hokkyokukai Sensen,31897
Seven Knights Revolution: Hero Successor,,21700
"Shachibato! President, It's Time for Battle!","Shachou, Battle no Jikan Desu!",19069
Shadow,Kage,31821
Shadows House,,23180
Shadows House 2nd Season,,31273
Shadowverse,,19529
Shadowverse Flame,,31325
Shakugan no Shana,Burning-Eyed Shana,40194
Shakugan no Shana: Season II,Shakugan no Shana Second,40245
Shakugan no Shana: Season III,Shakugan no Shana III (Final),40280
Shaman King (2021),,23604
Shangri-La,,15611
Shangri-La Frontier,"Shangri-La Frontier: Kusogee Hunter, Kamige ni Idoman to Su",38362
She Professed Herself Pupil of the Wise Man,Kenja no Deshi wo Nanoru Kenja,28433
Shenmue the Animation,,30047
Shigurui: Death Frenzy,,10417
Shiki,,8910
Shikimori's Not Just a Cutie,Kawaii dake ja Nai Shikimori-san,31719
Shikizakura,,26439
SHIMONETA: A Boring World Where the Concept of Dirty Jokes Doesn’t Exist,Shimoneta to Iu Gainen ga Sonzai Shinai Taikutsu na Sekai,2452
Shin Ikki Tousen,Shin Ikkitousen,33144
Shin Koihime Musou,,11404
Shine On! Bakumatsu Bad Boys!,Bucchigire!,31280
Shining Hearts,Shining Hearts: Shiawase no Pan,30746
Shinobi no Ittoki,,33102
Shirobako,,30317
Shironeko Project: Zero Chronicle,,18938
Shomin Sample,,18363
Shonen Maid,Shounen Maid,35592
Show by Rock!!,,1675
Showa Genroku Rakugo Shinju,,7207
Shuffle!,,18614
Shuten Doji,,25731
SHY,,38436
Silent Mobius,,40077
Silver Spoon,Gin no Saji,40023
Silver Spoon Season 2,Gin no Saji 2nd Season,40036
SK8 the Infinity,SK8,28020
Skeleton Knight in Another World,"Gaikotsu Kishi-sama, Tadaima Isekai e Odekake-chuu",29362
Skip to Loafer,,36063
Slime Diaries: That Time I Got Reincarnated as a Slime,Tensei Shitara Slime Datta Ken: Tensura Nikki,21813
Slow Loop,,28539
Slow Start,,14899
Smash Hit!,Hit o Nerae!,31828
Smile Down the Runway,Runway de Waratte,28660
Smile of the Arsnotoria the Animation,Warau Arsnotoria Sun!,31067
Snack Basue,,39683
Snow White with the Red Hair,Akagami no Shirayuki-hime,28996
So I Can't Play H,,5551
"So I'm a Spider, So What?","Kumo Desu ga, Nanika?",19898
"So, I Can't Play H!","Dakara Boku wa, H ga Dekinai.",29472
Soaring Sky! Pretty Cure,Hirogaru Sky! Precure,36002
Solo Leveling,Ore dake Level Up na Ken,39573
Somali and the Forest Spirit,Somali to Mori no Kamisama,18770
SoniAni Super Sonico,,994
Sonic Soldier Borgman 2: New Century 2058,Chouon Senshi Borgman Second: Shin Seiki 2058,31840
Sonic X,,11216
Sonny Boy,,24787
Sorcerer Hunters,Bakuretsu Hunter,12339
Sorcerer Hunters OVA,Ganso Bakuretsu Hunter,23531
Sorcerer on the Rocks,Chivas 1-2-3,23528
Sorcerous Stabber Orphen (2020),Majutsushi Orphen Hagure Tabi,29541
Sorcerous Stabber Orphen: Battle of Kimluck,Majutsushi Orphen Hagure Tabi: Kimluck Hen,34939
Sotsugyou: Graduation,Graduation,31883
Soul Eater Not!,,765
Sound Euphonium,Hibike! Euphonium,2555
Sound! Euphonium 2,Hibike! Euphonium 2,7885
Sound! Euphonium 3,Hibike! Euphonium 3,40869
Space Battleship Tiramisu,Uchuu Senkan Tiramisu,16721
Space Battleship Yamato,Star Blazers,8114
Space Brothers,Uchuu Kyoudai,20765
Space Dandy,,36401
Space Dandy Season 2,Space Dandy 2,36449
Space Patrol Luluco,Uchuu Patrol Luluco,13723
Space Pirate Mito,Uchuu Kaizoku Mito no Daibouken,28052
Space Pirate Mito: A Pair of Queens,Uchuu Kaizoku Mito no Daibouken: Futari no Joou-sama,28071
Speed Racer,Mach Go Go Go,21351
Spice And Wolf,Ookami to Koushinryou,3780
Spice and Wolf II,Ookami to Koushinryou II,22358
Spice and Wolf: Merchant Meets the Wise Wolf,Ookami to Koushinryou: Merchant Meets the Wise Wolf,40787
Spiral: Suiri no Kizuna,,5001
Spriggan (2022),,30841
Spy Classroom,Spy Kyoushitsu,34868
Spy x Family,,29322
SSSS.Dynazenon,,22462
SSSS.Gridman,,15133
St. Michael School Drifting Story,Sei Michaela Gakuen Hyouryuuk,31812
Star Cat Fullhouse,Hoshi Neko Fullhouse,31784
Star Driver,,6930
Star Magician Magical Emi,Mahou no Star Magical Emi,32372
Stardust Telepath,Hoshikuzu Telepath,38396
Starship Troopers,Uchuu no Senshi,31849
Steins;Gate 0,,20669
Stella of the Theater: World Dai Star,World Dai Star,36171
"Stella Women's Academy, High School Division Class C3",Stella Jogakuin Koutouka C3-Bu,576
Stellvia,Uchuu no Stellvia,23363
Stop!! Hibari-kun!,,27685
Strange+,Strange Plus,1060
Stratos 4,,23416
Strawberry 100%,Ichigo 100%,16829
Strawberry Eggs,I My Me! Strawberry Egg,12325
Strike The Blood,,778
Strike the Blood II,,28111
Strike the Blood III,,28120
Strike the Blood IV,,28131
Strike Witches,,590
Strike Witches 2,,6418
Strike Witches: 501st Joint Fighter Wing Take Off!,Strike Witches: 501 Butai Hasshin Shimasu!,18007
Strike Witches: Road to Berlin,Dai 501 Tougou Sentou Koukuu Dan Strike Witches: Road to Berlin,24437
"Studio Apartment, Good Lighting, Angel Included","One Room, Hiatari Futsuu, Tenshi-tsuki.",40792
Sugar Apple Fairy Tale,,34919
Suite Precure,,7595
Summer Time Rendering,Summertime Render,30699
Summoned to Another World for a Second Time,Isekai Shoukan wa Nidome Desu,36120
Sumomomo Momomo,,14521
Sunday Without God,Kamisama no Inai Nichiyoubi,10404
Super Crooks,,26974
Super Cub,,23167
Super Dimension Fortress Macross,Choujikuu Yousai Macross,23755
Super HxEros,Dokyuu Hentai HxEros,19300
Super Lovers,,4076
Super Real Mahjong,,31613
Supernatural,,6475
Suppose a Kid from the Last Dungeon Boonies Moved to a Starter Town?,,20567
Suzuka,,37370
Sweet Reincarnation,Okashi na Tensei,37265
Sweetness & Lightning,Amaama to Inazuma,13510
Sword Art Online,,29119
Sword Art Online Alternative: Gun Gale Online,,14174
Sword Art Online II,,392
Sword Art Online: Alicization,,15137
Sword Art Online: Alicization - War of Underworld,,18024
Sword Oratoria: Is It Wrong to Try to Pick Up Girls in a Dungeon? On the Side,Dungeon ni Deai o Motomeru no wa Machigatte Iru Darouka Gaiden: Sword Oratoria,8785
Symphogear G,,20858
Symphogear GX,,20843
Symphogear XV,,20829
Synduality: Noir,,38271
T.P BON,Time Patrol Bon,40975
Taboo Tattoo,,6072
"Tadaima, Okaeri",,41115
Taisho Otome Fairy Tale,Taishou Otome Otogibanashi,30115
Takt Op. Destiny,,26420
Talentless Nana,Munou na Nana,20100
Tales of the Abyss,,6448
Tales of Wedding Rings,Kekkon Yubiwa Monogatari,39696
Tales of Zestiria the Cross,,7192
Tales of Zestiria the Cross S2,,18507
Tamayomi: The Baseball Girls,,18901
Tanaka-kun Is Always Listless,Tanaka-kun wa Itsumo Kedaruge,25569
Tawawa on Monday 2,Getsuyoubi no Tawawa 2,25676
Tearmoon Empire,"Tearmoon Teikoku Monogatari: Dantoudai kara Hajimaru, Hime no Tensei Gyakuten Story",38543
Teasing Master Takagi-san,Karakai Jouzu no Takagi-san,30569
Teasing Master Takagi-san 3,Karakai Jouzu no Takagi-san 3,28506
Teasing Master Takagi-san: Season 2,Karakai Jouzu no Takagi-san 2,30543
Technoroid: Overmind,,34954
Tegami Bachi: Letter Bee,Tegamibachi,34026
Tegami Bachi: Letter Bee Reverse,Tegamibachi Reverse,34052
Tekken: Bloodline,,32903
Tenamonya Voyagers,,13169
Tenchi Muyo! Tenchi Universe,Tenchi Muyou!,22589
Tenchi Muyo! War on Geminar,Isekai no Seikishi Monogatari,6404
Tenjou Tenge,,8832
Tenkosei,,12213
Tenkousei,Transfer Student,31853
Tenpuru,,37404
Teppen!!!!!!!!!!!!!!! Laughing 'Til You Cry,Teppen!!!!!!!!!!!!!!!,31318
Terror in Resonance,Zankyo no Terror,1046
Tesla Note,,26433
That Time I Got Reincarnated as a Slime,Tensei Shitara Slime Datta Ken,15221
That Time I Got Reincarnated as a Slime OAD,Tensei shitara Slime Datta Ken OAD,19858
That Time I Got Reincarnated as a Slime Season 2,Tensei shitara Slime Datta Ken S2,19864
That Time I Got Reincarnated as a Slime Season 3,Tensei shitara Slime Datta Ken 3rd Season,40688
"The 100 Girlfriends Who Really, Really, Really, Really, Really Love You",Kimi no Koto ga Daidaidaidaidaisuki na 100-nin no Kanojo,38382
The 8th son? Are you kidding me?,"Hachi-nantte, Sore wa Nai Deshou!",19004
The Adventures of Tom Sawyer,Tom Sawyer no Bouken,20009
The Ancient Magus' Bride,Mahou Tsukai no Yome,10810
The Ancient Magus' Bride Season 2,Mahou Tsukai no Yome Season 2,36319
The Angel Next Door Spoils Me Rotten,Otonari no Tenshi-sama ni Itsunomanika Dame Ningen ni Sareteita Ken,34863
The Apothecary Diaries,Kusuriya no Hitorigoto,38738
The Aristocrat's Otherworldly Adventure: Serving Gods Who Go Too Far,Tensei Kizoku no Isekai Boukenroku: Jichou wo Shiranai Kamigami no Shito,36047
The Asterisk War,Gakusen Toshi Asterisk,27271
The Asterisk War: 2nd Season,,14960
The Banished Former Hero Lives as He Pleases,Dekisokonai to Yobareta Motoeiyuu wa Jikka kara Tsuihou sareta node Sukikatte ni Ikiru Koto ni Shita,40612
The Book of Bantorra,,6708
The Cafe Terrace and Its Goddesses,Megami no Cafe Terrace,36087
The Case File of Young Kindaichi Returns,Kindaichi Shounen no Jikenbo Returns,28876
The Case Study of Vanitas,Vanitas no Kart,24230
The Comic Artist and His Assistants,Mangaka-san to Assistant-san to The Animation,33512
The Daily Life of the Immortal King,Xian Wang De Richang Shenghuo,40562
The Daily Life of the Immortal King 4,Xian Wang de Richang Shenghuo 4,39807
The Dangers in My Heart,Boku no Kokoro no Yabai Yatsu,36065
The Dawn of the Witch,Mahou Tsukai Reimeik,29377
The Day I Became a God,Kamisama ni Natta Hi,19832
The Demon Girl Next Door,Machikado Mazoku,17439
The Demon Girl Next Door 2,Machikado Mazoku 2-Choume,29578
The Demon Prince of Momochi House,Momochi-san Chi no Ayakashi Ouji,39678
The Demon Sword Master of Excalibur Academy,Seiken Gakuin no Makentsukai,38646
The Detective Is Already Dead,"Tantei wa Mou, Shindeiru.",24545
The Devil Is a Part-Timer!,Hataraku Maou-sama,519
The Devil Is a Part-Timer! Season 2,Hataraku Maou-sama!!,31076
The Disappearance of Nagato Yuki-chan,Nagato Yuki-chan no Shoushitsu,2327
The Disastrous Life of Saiki K.,Saiki Kusuo no Sainan,23792
The Disastrous Life of Saiki K. 2,"Saiki Kusuo no Sainan (2018), Saiki Kusuo no Psi Nan 2",23817
The Dreaming Boy is a Realist,Yumemiru Danshi wa Genjitsushugisha,37361
The Duke of Death and His Maid,Shinigami Bocchan to Kuro Maid,23148
The Duke of Death and His Maid Season 3,Shinigami Bocchan to Kuro Maid 3rd Season,40872
The Dungeon of Black Company,Meikyuu Black Company,23583
The Eccentric Family,Uchouten Kazoku,16969
The Eccentric Family S2,Uchouten Kazoku 2,17593
The Eminence in Shadow,Kage no Jitsuryokusha ni Naritakute!,33099
The Eminence in Shadow 2nd Season,Kage no Jitsuryokusha ni Naritakute! 2nd Season,38310
The Executioner and Her Way of Life,Shokei Shoujo no Virgin Road,29573
The Fable,,40877
The Familiar of Zero,Zero no Tsukaima,22811
The Familiar of Zero F,Zero no Tsukaima F,14032
The Familiar of Zero: Knight of the Twin Moons,Zero no Tsukaima: Futatsuki no Kishi,22852
The Familiar of Zero: Rondo of Princesses,Zero no Tsukaima: Princesses no Rondo,22872
The Family Circumstances of the Irregular Witch,Dekoboko Majo no Oyako Jijou,38368
The Faraway Paladin,Saihate no Paladin,26118
The Faraway Paladin: The Lord of Rust Mountains,Saihate no Paladin: Tetsusabi no Yama no Ou,38350
The Fire Hunter,Hikari no Ou,35018
The Foolish Angel Dances with the Devil,Oroka na Tenshi wa Akuma to Odoru,39598
"The Fruit of Evolution: Before I Knew It, My Life Had It Made",Shinka no Mi: Shiranai Uchi ni Kachigumi Jinsei,26181
The Fruit of Grisaia (Le Fruit de la Grisaia),Grisaia no Kajitsu,1255
The Garden of Sinners,Gekijouban Kara no Kyoukai: The Garden of Sinners,27601
The Gene of AI,AI no Idenshi,37653
The Genius Prince's Guide to Raising a Nation Out of Debt,Tensai Ouji no Akaji Kokka Saisei Jutsu,30167
The Girl I Like Forgot Her Glasses,Suki na Ko ga Megane o Wasureta,37297
The Girl Who Leapt Through Space,Sora o Kakeru Shoujo,12388
The God of High School,,19273
The Good Witch Of The West,Nishi no Yoki Majo: Astraea Testament,39384
The Great Cleric,"Seija Musou: Salaryman, Isekai de Ikinokoru Tame ni Ayumu Michi",37347
The Great Jahy Will Not Be Defeated!,Jahy-sama wa Kujikenai!,23562
The Greatest Demon Lord Is Reborn as a Typical Nobody,"Shijou Saikyou no Daimaou, Murabito A ni Tensei Suru",29842
The Grimm Variations,Grimm Kumikyoku,41408
The Gymnastics Samurai,Taisou Zamurai,26239
The Helpful Fox Senko-san,Sewayaki Kitsune no Senko-san,17101
The Hentai Prince and the Stony Cat,Hentai Ouji to Warawanai Neko.,8364
The Hidden Dungeon Only I Can Enter,Ore dake Haireru Kakushi Dungeon,19871
The Honor at Magic High School,Mahouka Koukou no Yuutousei,23154
The Ice Guy and His Cool Female Colleague,Koori Zokusei Danshi to Cool na Douryou Joshi,34890
The Iceblade Sorcerer Shall Rule the World,Hyouken no Majutsushi ga Sekai o Suberu,34861
The Idaten Deities Know Only Peace,Heion Sedai no Idaten-tachi,23147
The iDOLM@STER,The Idolmaster,38765
The iDOLM@STER Shiny Colors,The Idolmaster Shiny Colors,40830
The Idolmaster Million Live!,The iDOLM@STER Million Live!,38743
The Idolmaster: Cinderella Girls - U149,The IDOLM@STER Cinderella Girls: U149,36548
The Irregular at Magic High School,Mahouka Koukou no Rettousei,1402
The Irregular at Magic High School Season 3,Mahouka Koukou no Rettousei 3rd Season,40759
The Irregular at Magic High School: Visitor Arc,Mahouka Koukou no Rettousei: Raihousha Hen,19778
The Kawai Complex Guide to Manors and Hostel Behavior,Bokura wa Minna Kawai-sou,29228
The Kingdoms of Ruin,Hametsu no Oukoku,38458
The Legend of Heroes: Trails of Cold Steel - Northern War,The Legend of Heroes: Sen no Kiseki - Northern War,34925
The Legend of the Galactic Heroes,,13856
The Legendary Hero Is Dead!,Yuusha ga Shinda!,36080
The Little Lies We All Tell,4-nin wa Sorezore Uso o Tsuku,34100
The Magical Revolution of the Reincarnated Princess and the Genius Young Lady,Tensei Oujo to Tensai Reijou no Mahou Kakumei,34865
The Magnificent KOTOBUKI,Kouya no Kotobuki Hikoutai,17878
The Maid I Hired Recently Is Mysterious,Saikin Yatotta Maid ga Ayashii,31064
The Many Sides of Voice Actor Radio,Seiyuu Radio no Uraomote,40797
The Marginal Service,,36257
The Master of Ragnarok & Blesser of Einherjar,Hyakuren no Haou to Seiyaku no Valkyria,15038
The Masterful Cat Is Depressed Again Today,Dekiru Neko wa Kyou mo Yuuutsu,37583
The Melancholy of Haruhi Suzumiya (2009),Suzumiya Haruhi no Yuuutsu (2009),25387
The Misfit of Demon King Academy,Maou Gakuin no Futekigousha,19340
The Misfit of Demon King Academy II,"Maou Gakuin no Futekigousha: Shijou Saikyou no Maou no Shiso, Tensei shite Shison-tachi no Gakkou e Kayou II",34846
The Most Heretical Last Boss Queen: From Villainess to Savior,Higeki no Genkyou to Naru Saikyou Gedou Last Boss Joou wa Tami no Tame ni Tsukushimasu.,37607
The Mystic Archives of Dantalian,Dantalian no Shoka,17916
The New Gate,,40864
The Ones Within,Naka no Hito Genome,17466
The Orbital Children,Chikyuugai Shounen Shoujo,28040
The Perfect Insider,Subete ga F ni Naru,12690
The Pet Girl of Sakurasou,Sakura-sou no Pet na Kanojo,16803
The Price of Smiles,Egao no Daika,17737
The Prince of Tennis II OVA vs Genius10,Shin Tennis no Ouji-sama OVA vs. Genius 10,32876
The Promised Neverland,Yakusoku no Neverland,16643
The Promised Neverland Season 2,Yakusoku no Neverland S2,20498
The Quintessential Quintuplets,Go-Toubun no Hanayome,18581
The Quintessential Quintuplets Season 2,Go-Toubun no Hanayome S2,20659
The Qwaser of Stigmata,Seikon no Qwaser,13993
The Qwaser of Stigmata II,Seikon no Qwaser II,32931
The Reincarnation of the Strongest Exorcist in Another World,Saikyou Onmyouji no Isekai Tenseiki,34872
The Rising of The Shield Hero,Tate no Yuusha no Nariagari,15403
The Rising of the Shield Hero Season 2,Tate no Yuusha no Nariagari Season 2,29320
The Rising of the Shield Hero Season 3,Tate no Yuusha no Nariagari Season 3,38443
The Saint's Magic Power is Omnipotent,Seijo no Maryoku wa Bannou desu,39718
The Saint's Magic Power is Omnipotent Season 2,Seijo no Maryoku wa Bannou desu Season 2,38703
The Seven Deadly Sins,Nanatsu no Taizai,4742
The Seven Deadly Sins -Signs of Holy War-,,7960
The Seven Deadly Sins: Dragon's Judgement,Nanatsu no Taizai: Fundo no Shinpan,25279
The Seven Deadly Sins: Grudge of Edinburgh,Nanatsu no Taizai: Ensa no Edinburgh,37652
The Seven Deadly Sins: Revival of the Commandments,Nanatsu no Taizai: Imashime no Fukkatsu,25309
The Seven Heavenly Virtues,Nanatsu no Bitoku,14888
The Severing Crime Edge,Dansai Bunri no Crime Edge,18635
The Silver Guardian,Gin no Guardian,18601
The Silver Guardian 2,Gin no Guardian II,18594
The Slayers Evolution-R,,8763
The Strongest Sage with the Weakest Crest,Shikkaku Mon no Saikyou Kenja,29186
The Strongest Tank's Labyrinth Raids -A Tank with a Rare 9999 Resistance Skill Got Kicked from the Hero's Party-,"Saikyou Tank no Meikyuu Kouryaku: Tairyoku 9999 no Rare Skill-mochi Tank, Yuusha Party wo Tsuihou sareru",39733
The Tale of Outcasts,Nokemono-tachi no Yoru,34930
The Tatami Galaxy,Yojouhan Shinwa Taikei,22193
The Testament of Sister New Devil,Shinmai Maou no Testament,1878
The Testament of Sister New Devil BURST,Shinmai Maou no Testament Burst,6431
The Tower of Druaga: The Aegis of Uruk,Druaga no Tou: the Aegis of Uruk,25218
The Tower of Druaga: The Sword of Uruk,Druaga no Tou: the Sword of Uruk,25232
The Troubled Life of Miss Kotoura,Kotoura-san,19237
The Unwanted Undead Adventurer,Nozomanu Fushi no Boukensha,39663
The Vampire Dies in No Time,Kyuuketsuki Sugu Shinu,28567
The Vampire Dies in No Time 2,Kyuuketsuki Sugu Shinu 2,35003
The Vexations of a Shut-In Vampire Princess,Hikikomari Kyuuketsuki no Monmon,38354
The Vision of Escaflowne,Tenkuu no Escaflowne,23886
The Weakest Tamer Began a Journey to Pick Up Trash,Saijaku Tamer wa Gomi Hiroi no Tabi wo Hajimemashita.,39668
The Witch and the Beast,Majo to Yajuu,39655
The World Ends with You The Animation,Subarashiki Kono Sekai The Animation,21723
The World God Only Knows,Kami nomi zo Shiru Sekai,6366
The World God Only Knows: Goddesses,Kami nomi zo Shiru Sekai: Megami Hen,28592
The World's Finest Assassin Gets Reincarnated in Another World as an Aristocrat,"Sekai Saikou no Ansatsusha, Isekai Kizoku ni Tensei Suru",26126
The Wrong Way to Use Healing Magic,Chiyu Mahou no Machigatta Tsukaikata,39673
The Yakuza's Guide to Babysitting,Kumichou Musume to Sewagakari,31265
The Yuzuki Family's Four Sons,Yuzuki-san Chi no Yonkyoudai.,38597
Thermae Romae Novae,,39351
This Art Club Has a Problem!,Kono Bijutsubu ni wa Mondai ga Aru!,7125
This Ugly Yet Beautiful World,Kono Minikuku mo Utsukushii Sekai,29661
Those Who Hunt Elves,Elf o Karu Mono-tachi,11431
"Three Leaves, Three Colors",Sansha Sanyou,7234
Tiger & Bunny,,25106
Tiger & Bunny 2,,29486
To Love-Ru -Trouble- Darkness,To Love-Ru Season 3,1451
To Love-Ru: Trouble,To Love-Ru Season 1,22248
To Love-Ru: Trouble - Darkness 2nd,To Love-Ru Season 4,22284
To Your Eternity Season 2,Fumetsu no Anata e Season 2,34106
Tokyo 24th Ward,Tokyo 24-ku,29267
Tokyo ESP,,855
Tokyo Ghoul,,816
Tokyo Ghoul Root A,Tokyo Ghoul √A,2952
Tokyo Mew Mew New,,30971
Tokyo Ravens,,2530
Tokyo Revengers,,24127
Tokyo Underground,,39866
Tomo-chan Is a Girl!,Tomo-chan wa Onnanoko!,34856
Tomodachi Game,,29481
Tomoe ga Yuku!,,31861
Tonari no Youkai-san,Tonari no Yokai-san,41266
Tonikaku Kawaii: Joshikou Hen,,37577
Tonikawa: Over the Moon for You,Tonikaku Kawaii,36147
TONIKAWA: Over The Moon For You Season 2,Tonikaku Kawaii (2023),36161
Too Cute Crisis,Kawaisugi Crisis,36137
Toradora!,,2003
Touken Ranbu Kai: Kyoden Moyuru Honnouji,Touken Ranbu Kai Kyoden,41136
Touken Ranbu: Hanamaru,,13523
Tower of God,Kami no Tou,19041
Train to the End of the World,Shuumatsu Train Doko e Iku?,40769
Trapped in a Dating Sim: The World of Otome Games Is Tough for Mobs,Otome Game Sekai wa Mob ni Kibishii Sekai desu,29564
Tree in the Sun,Hidamari no Ki,31755
Triage X,,1692
Tribe Nine,,29280
Trigun,,16109
TRIGUN STAMPEDE,,34917
Trinity Blood,,36490
Trinity Seven,,27232
True Cooking Master Boy (2021),Shin Chuuka Ichiban! (2021),22397
Tsugumomo,,9629
Tsugumomo Season 2,Tsugu Tsugumomo,18888
Tsukimichi: Moonlit Fantasy,Tsuki ga Michibiku Isekai Douchuu,23158
Tsukimichi: Moonlit Fantasy Season 2,Tsuki ga Michibiku Isekai Douchuu 2nd Season,39586
Tsukimonogatari,,7644
Tsurune: The Linking Shot,Tsurune: Tsunagari no Issha,35022
Turn A Gundam,,20271
Twin Angels BREAK,,16670
Twin Star Exorcists,Sousei no Onmyouji,8859
UFO Ultramaiden Valkyrie 2: December Nocturne,,10384
UFO Ultramaiden Valkyrie 3: Bride of Celestial Souls' Day,,10397
Ultimate Girls,,14493
Ultimate Otaku Teacher,Denpa Kyoushi,2882
Ultramarine Magmell,Gunjou no Magmell,17154
Ulysses: Jeanne d'Arc and the Alchemist Knight,,15160
Uma Musume Pretty Derby,,14253
Uma Musume: Pretty Derby Season 3,,38284
Umamusume: Pretty Derby Season 2,,20433
Unbreakable Machine-Doll,Machine-Doll wa Kizutsukanai,397
Uncle from Another World,Isekai Ojisan,31014
Undead Murder Farce,Undead Girl Murder Farce,37344
Undead Unluck,,39336
Under Ninja,,38588
Unlimited Fafnir,,1584
Unlimited Psychic Squad,Courtesy of Zettai Karen Children: The Unlimited - Hyoubu Kyousuke,30524
Unnamed Memory,,40970
Upotte!!,,11818
UQ Holder! Magister Negi Magi! 2,,12261
Urawa no Usagi-chan,,1683
Urusei Yatsura,,8141
Urusei Yatsura (2022),,33168
Ushio and Tora,Ushio to Tora,3598
Uta no Prince-sama - Maji Love 1000%,,6956
Utawarerumono: Mask of Truth,Utawarerumono: Futari no Hakuoro,31194
Uzaki-chan Wants to Hang Out!,Uzaki-chan wa Asobitai!,33199
Uzaki-chan Wants to Hang Out! (2022),Uzaki-chan wa Asobitai! Double,33195
Uzamaid!,Uchi no Maid ga Uzasugiru!,15156
Val x Love,,17582
Valkyrie Drive -Mermaid-,,4115
Valvrave the Liberator,Kakumeiki Valvrave,17556
Valvrave the Liberator Season 2,Kakumeiki Valvrave S2,17569
Vampire Dormitory,,41296
Vampire in the Garden,,30089
Venus Project -Climax-,,2496
Venus to Mamoru,,14572
Vermeil in Gold,Kinsou no Vermeil: Gakeppuchi Majutsushi wa Saikyou no Yakusai to Mahou Sekai o Tsukisusumu,30927
Villainess Level 99: I May Be the Hidden Boss but I'm Not the Demon Lord,Akuyaku Reijou Level 99: Watashi wa Ura-Boss desu ga Maou dewa Arimasen,39602
Vinland Saga,,17395
Vinland Saga Season 2,,34851
Violet Evergarden,,15389
Viral Hit,Kenka Dokugaku,41187
Virtua Fighter,,23699
Visual Prison,,26445
ViVid Strike!,,7465
Vividred Operation,,195
Vivy: Fluorite Eye's Song,,22591
Vlad Love,,20390
W'z,,16656
Waccha PriMagi!,,31353
Walkure Romanze,,5945
Wandaba Style,,12650
Wandering Witch,Majo no Tabitabi,19752
Wanna Be the Strongest in the World,Sekai de Ichiban Tsuyoku Naritai!,10115
Warlords of Sigrdrifa,Sen'yoku no Sigrdrifa,26199
Wasteful Days of High School Girl,Joshikousei no Mudazukai,18143
WATAMOTE,Watashi ga Motenai no wa Dou Kangaete mo Omaera ga Warui!,5866
Wave!! Let`s Go Surfing!!,Wave!! Surfing Yappe!!,23742
We Never Learn!: Bokuben,Bokutachi wa Benkyou ga Dekinai!,22797
Welcome to Demon School! Iruma-kun,Mairimashita! Iruma-kun,18824
Welcome to Demon School! Iruma-kun 2nd Season,Mairimashita! Iruma-kun (2021),22644
When Supernatural Battles Became Commonplace,Inou-Battle wa Nichijou-kei no Naka de,1386
When They Cry - Higurashi,Higurashi no Naku Koro ni,27932
When Will Ayumu Make His Move?,Soredemo Ayumu wa Yosetekuru,31016
Whisper Me a Love Song,Sasayaku You ni Koi wo Utau,40860
White Album 2,,22218
Why Raeliana Ended Up at the Duke's Mansion,Kanojo ga Koushaku-tei ni Itta Riyuu,36492
"Why the Hell are You Here, Teacher!?",Nande Koko ni Sesei ga!?,17137
Wild 7,Wild Seven,31864
Wild 7 Another,Wild 7 Another Bouryaku Unga,18449
Wind Breaker,,40820
Wise Man's Grandchild,Kenja no Mago,17710
Witchblade,,25804
Wixoss Diva(A)Live,,20362
Wolf Girl & Black Prince,Ookami Shoujo to Kuro Ouji,34737
Wolf Guy,,31866
Wolverine,,41436
Wonder Egg Priority,,20420
Wonderful Precure!,,40222
World Break: Aria of Curse for a Holy Swordsman,Seiken Tsukai no World Break,1624
World Conquest Zvezda Plot,Sekai Seifuku: Bōryaku no Zvezda,506
World Trigger,,28260
World Trigger 2nd Season,,28208
World Trigger 3rd Season,,28221
World Witches Take Off!,World Witches Hasshin Shimasu!,22371
World's End Harem,Shuumatsu no Harem,33023
WorldEnd: What do you do at the end of the world? Are you busy? Will you save us?,Shuumatsu Nani Shitemasu ka? Isogashii desu ka? Sukutte Moratte Ii desu ka?,39366
Wotakoi: Love Is Hard for Otaku,Otaku ni Koi wa Muzukashii,30464
Wounded Man,Kizuoibito,11981
WWW.WORKING!!,Www.Wagnaria!!,7035
X&Y,Aiyou de Mishi,36267
X-Men,,41519
Xam'd: Lost Memories,Bounen no Xamdou,4795
Xenosaga The Animation,,25621
Xuan Yuan Sword Luminary,Ken En Ken: Aoki Kagayaki,19738
Ya Boy Kongming!,Paripi Koumei,29612
Yakitori: Soldiers of Misfortune,,37253
Yamada-kun and the Seven Witches,,2240
Yamato 2520,,31870
"Yamibo: Darkness, The Hat and the Travelers of the Books",Yami to Boushi to Hon no Tabibito,14676
Yashahime: Princess Half-Demon,Hanyou no Yashahime: Sengoku Otogizoushi,20246
Yasuke,,21626
Yatagarasu: The Raven Does Not Choose Its Master,Karasu wa Aruji wo Erabanai,40906
Yatogame-chan Kansatsu Nikki,,29586
Yatogame-chan Kansatsu Nikki 2,Yatogame-chan Kansatsu Nikki Nisatsume,29597
Yatterman (2008),,12881
Yawara! A Fashionable Judo Girl,,32613
Yohane the Parhelion: Sunshine in the Mirror,Genjitsu no Yohane: Sunshine in the Mirror,37506
Yona of the Dawn,Akatsuki no Yona,17685
Yosuga no Sora - In solitude where we are least alone,,9598
Youkai Watch,Yo-kai Watch,2675
Your Lie in April,Shigatsu wa Kimi no Uso,31622
Yowamushi Pedal,,3558
Yozakura Quartet ~Hana no Uta~,,14597
Yu Yu Hakusho: Ghost Files,,15498
Yu-Gi-Oh! GX,,7992
Yu-Gi-Oh! VRAINS,,10128
YU-NO: A girl who chants love at the bound of this world,Kono Yo no Hate de Koi o Utau Shoujo Yu-no,18156
Yuki Yuna Is a Hero,Yuuki Yuuna wa Yuusha de Aru,6020
Yukikaze,Sentou Yousei Yukikaze,36447
Yume Tsukai,,31878
YUREI DECO,,31223
Yuri Is My Job!,Watashi no Yuri wa Oshigoto Desu!,36306
Yuri!!! on Ice,,7452
Yurikuma Arashi,,11458
Yuruyuri - Happy Go Lily,,4962
Yuukan Club,,31908
Yuuna and the Haunted Hot Springs,Yuragi-sou no Yuuna-san,15051
Z/X Code reunion,,17830
Zan Sayonara Zetsubou-sensei,,26033
Zegapain,,30311
Zenki,,14611
Zetman,,11444
Zillion: Burning Night,Akai Koudan Zillion: Burning Night,31923
Zoids: New Century,Zoids Shinseiki/Zero,39834
Zom 100: Bucket List of the Dead,Zom 100: Zombie ni Naru made ni Shitai 100 no Koto,37324
Zombie Land Saga,,15405
Zombie Land Saga Revenge,Zombie Land Saga Season 2,22442
