Title,Season,Id
101 Dalmatian Street,1,6331
101 Dalmatians: The Series,1,17263
101 Dalmatians: The Series,2,17359
1883,1,22431
1923,1,22453
3Below: Tales of Arcadia,1,8824
3Below: Tales of Arcadia,2,8873
6Teen,1,6431
6Teen,2,6432
6Teen,3,6485
6Teen,4,6486
A Murder at the End of the World,1,24889
Aaahh!!! Real Monsters,1,18385
Aaahh!!! Real Monsters,2,18399
Aaahh!!! Real Monsters,3,18413
Aaahh!!! Real Monsters,4,18427
Adventure Time,1,535
Adventure Time,10,16177
Adventure Time,2,508
Adventure Time,3,562
Adventure Time,4,314
Adventure Time,5,16055
Adventure Time,6,341
Adventure Time,7,16108
Adventure Time,8,16147
Adventure Time,9,16162
Adventure Time: Distant Lands,1,9905
Adventure Time: Fionna & Cake,1,22985
Adventures of Sonic the Hedgehog,1,14410
Aeon Flux,1,6859
Aeon Flux,2,6861
Aeon Flux,3,6867
Agent Elvis,1,20505
Ahsoka,1,22969
All Grown Up!,1,10890
All Grown Up!,2,10903
All Grown Up!,3,10943
All Grown Up!,4,10969
All Grown Up!,5,10995
Altered Carbon,1,171
Alvinnn!!! And the Chipmunks,1,22580
Alvinnn!!! And the Chipmunks,3,22732
Alvinnn!!! And the Chipmunks,4,22759
American Dad!,1,22076
American Dad!,10,25972
American Dad!,11,26045
American Dad!,12,26091
American Dad!,13,26123
American Dad!,14,26218
American Dad!,15,26265
American Dad!,2,23328
American Dad!,3,25696
American Dad!,4,25745
American Dad!,5,25762
American Dad!,6,25783
American Dad!,7,25802
American Dad!,8,25822
American Dad!,9,25943
American Dragon: Jake Long,1,14147
American Dragon: Jake Long,2,14169
Amphibia,1,15405
Amphibia,2,7982
Amphibia,3,22294
Andor,1,23104
Angels of Death,1,23156
Animaniacs 2020,1,4259
Animaniacs 2020,2,24543
Animaniacs 2020,3,24557
Animaniacs,1,1450
Animaniacs,2,1575
Animaniacs,3,3307
Animaniacs,4,4119
Animaniacs,5,4128
Aqua Teen Hunger Force,1,14274
Aqua Teen Hunger Force,10,21159
Aqua Teen Hunger Force,11,21170
Aqua Teen Hunger Force,12,21180
Aqua Teen Hunger Force,2,14293
Aqua Teen Hunger Force,3,21075
Aqua Teen Hunger Force,4,21089
Aqua Teen Hunger Force,5,21103
Aqua Teen Hunger Force,6,21113
Aqua Teen Hunger Force,7,21124
Aqua Teen Hunger Force,8,21137
Aqua Teen Hunger Force,9,21148
Aquaman: King of Atlantis,1,16482
Arabian Knights,1,23085
Arcane,1,11604
Archer,1,474
Archer,10,13701
Archer,11,13711
Archer,12,13720
Archer,13,18727
Archer,2,3114
Archer,3,13614
Archer,4,13628
Archer,5,13642
Archer,6,13658
Archer,7,13672
Archer,8,13683
Archer,9,13692
Archie's Weird Mysteries,1,6795
Around the World with Willy Fog,1,17846
Arrow,1,26427
Arrow,2,26472
Arrow,3,26517
Arrow,4,26541
Arrow,5,26637
Arrow,6,26714
Arrow,7,26931
Arrow,8,26954
Arthur and the Minimoys,1,26830
As Told by Ginger,1,22326
As Told by Ginger,2,22345
As Told by Ginger,3,22366
Astonishing X-Men,1,22978
Astonishing X-Men,2,22996
Astonishing X-Men,3,23003
Astonishing X-Men,4,23010
Avatar: The Last Airbender (2024),1,27195
Avatar: The Last Airbender,1,5038
Avatar: The Last Airbender,2,5072
Avatar: The Last Airbender,3,5093
Back to the Future,1,20870
Back to the Future,2,20929
Ballmastrz 9009,1,27524
Ballmastrz 9009,2,27535
Bananaman,1,19262
Bananaman,2,19279
Bananaman,3,19299
Barangay 143,1,17772
Barangay 143,2,17826
Barbie: It Takes Two,1,16013
Batman Beyond,1,5341
Batman Beyond,2,5355
Batman Beyond,3,5382
Batman: The Animated Series,1,1421
Batman: The Animated Series,2,1516
Batman: The Animated Series,3,1545
Batman: The Brave and the Bold,1,15944
Batman: The Brave and the Bold,2,15971
Batman: The Brave and the Bold,3,15998
Batwoman,1,27299
Batwoman,2,27356
Batwoman,3,27480
"Be Cool, Scooby-Doo!",1,9009
Beast Machines: Transformers,1,11914
Beast Machines: Transformers,2,11944
Beast Wars: Transformers,1,11958
Beast Wars: Transformers,2,11930
Beast Wars: Transformers,3,11985
Beavis and Butt-Head (2022),1,18703
Beavis and Butt-Head,9,13949
Bee and PuppyCat,1,18581
Bee and PuppyCat,2,18587
Beetlejuice,1,19325
Ben 10 (2005),1,15888
Ben 10 (2005),2,15902
Ben 10 (2005),3,15916
Ben 10 (2005),4,15930
Ben 10 (2016),1,3890
Ben 10 (2016),2,3928
Ben 10 (2016),3,3964
Ben 10 (2016),4,21952
Ben 10: Alien Force,1,21527
Ben 10: Alien Force,2,21541
Ben 10: Alien Force,3,21555
Ben 10: Omniverse,1,21630
Ben 10: Omniverse,2,21665
Ben 10: Omniverse,3,21686
Ben 10: Omniverse,4,21697
Ben 10: Ultimate Alien,1,21576
Ben 10: Ultimate Alien,2,21597
Betty Boop Shorts,,7891
Beware the Batman,1,9836
Beyblade Burst,1,2868
Beyblade Season 1 [US],,10984
Beyblade Season 2 [US],,11074
Beyblade Season 3 [US],,11126
Beyblade Season 6 [US],,11234
Beyblade Season 7 [US],,11179
Beyblade: Metal Fusion,,2481
Big Mouth,1,14550
Big Mouth,2,15128
Big Mouth,3,15139
Big Mouth,4,15151
Big Mouth,5,15173
Billy Dilley's Super-Duper Subterranean Summer,1,28140
Black Death,1,22382
Black Dynamite (2011),1,27559
Black Dynamite (2011),2,27571
Black Lightning,1,26636
Black Lightning,2,26697
Black Lightning,3,26770
Black Lightning,4,26812
Black Mirror,1,231
Black Panther,1,21047
Black Sails,1,485
Black Sails,2,421
Black Sails,3,160
Black Sails,4,259
Blackstar,1,8484
Blackstar,1,9063
Blade Runner: Black Out 2022,,10748
Blade: The Series,1,28439
Blood of Zeus,1,4025
Blood of Zeus,2,28291
Blue Eye Samurai,1,23629
Bluey,1,6202
Bluey,2,6254
Bob's Burgers,1,235
Bob's Burgers,10,13566
Bob's Burgers,11,13589
Bob's Burgers,12,22062
Bob's Burgers,2,589
Bob's Burgers,3,13369
Bob's Burgers,4,13393
Bob's Burgers,5,13498
Bob's Burgers,6,13438
Bob's Burgers,7,13475
Bob's Burgers,8,13520
Bob's Burgers,9,13543
BoJack Horseman,1,4334
BoJack Horseman,2,4366
BoJack Horseman,5,2533
Braceface,1,9632
Braceface,2,9779
Braceface,3,9833
Brave Animated Series,1,15759
Bravest Warriors,1,3792
Bravest Warriors,2,3805
Bravest Warriors,3,3818
Bravest Warriors,4,3825
Breaking Bad,3,2612
Bunnicula,1,23018
Cadillacs and Dinosaurs,1,17913
Captain Caveman and the Teen Angels,2,15785
Captain Caveman and the Teen Angels,3,15790
Captain Fall,1,22467
Captain Jake and the Never Land Pirates,1,24812
Captain Jake and the Never Land Pirates,2,24838
Captain Jake and the Never Land Pirates,3,26738
Captain Laserhawk: A Blood Dragon Remix,1,23339
Captain N: The Game Master,1,19037
Captain N: The Game Master,2,19059
Captain N: The Game Master,3,19074
Carmen Sandiego (2019),1,11316
Carmen Sandiego (2019),2,3094
Carmen Sandiego (2019),3,5973
Carmen Sandiego (2019),4,5979
Castlevania,1,3875
Castlevania,2,3881
Castlevania,3,5396
Castlevania,4,6306
Castlevania: Nocturne,1,22883
CatDog,1,7571
CatDog,2,7592
CatDog,3,7829
Centaurworld,1,8086
Chilling Adventures of Sabrina,1,2546
Chip 'n' Dale Rescue Rangers,1,2311
Chip 'n' Dale Rescue Rangers,2,2325
Chip 'n' Dale Rescue Rangers,3,2373
Chip 'N' Dale: Park Life,1,22390
Chop Socky Chooks,1,9781
Chuck's Choice,1,16704
Chuck's Choice,1,16632
Clarence,1,7654
Clarence,2,7706
Clarence,3,7733
Clarence,4,7760
Class of the Titans,1,20301
Class of the Titans,2,20328
Cleopatra in Space,1,6765
Cleopatra in Space,2,6780
Cleopatra in Space,3,6787
Clone High (2023),1,22272
Clone High (2023),2,28226
Clone High,1,20466
Cloudy with a Chance of Meatballs,1,8019
Cloudy with a Chance of Meatballs,2,8254
Code Lyoko Evolution,1,10158
Code Lyoko,1,14900
Code Lyoko,2,14927
Code Lyoko,3,14954
Code Lyoko,4,14970
Code Monkeys,1,14020
Code Monkeys,2,14034
Codename: Kids Next Door,1,21200
Codename: Kids Next Door,2,21214
Codename: Kids Next Door,3,21228
Codename: Kids Next Door,4,21242
Constantine (2014),1,27204
Courage the Cowardly Dog,1,17413
Courage the Cowardly Dog,2,17427
Courage the Cowardly Dog,3,17441
Courage the Cowardly Dog,4,17487
Cow and Chicken,1,3281
Cow and Chicken,2,3373
Cow and Chicken,3,3611
Cow and Chicken,4,3400
Cowboy Bebop,1,11999
Craig of the Creek,1,24124
Craig of the Creek,2,24633
Craig of the Creek,3,24680
Craig of the Creek,4,24732
Ctrl+Alt+Del: The Animated Series,1,10520
Ctrl+Alt+Del: The Animated Series,2,10533
Cybersix,1,9887
Danny Phantom,1,18040
Danny Phantom,2,18081
Danny Phantom,3,18099
Daredevil (2015),1,12598
Daredevil (2015),2,12614
Daredevil (2015),3,12628
Daria,1,18633
Daria,2,18647
Daria,3,18661
Daria,4,18675
Daria,5,18689
Darkstalkers,,6665
Darkwing Duck,1,1089
Dave the Barbarian,1,3443
Dawn of the Croods,1,11777
Dawn of the Croods,2,11791
Dawn of the Croods,3,11805
Dawn of the Croods,4,11819
DC Showcase,,14518
DC Super Hero Girls (2019),1,22104
DC's Legends of Tomorrow,1,27227
DC's Legends of Tomorrow,2,27250
DC's Legends of Tomorrow,3,27268
DC's Legends of Tomorrow,4,27398
DC's Legends of Tomorrow,5,27415
DC's Legends of Tomorrow,6,27494
DC's Legends of Tomorrow,7,27510
Defenders of the Earth,1,9116
"Denver, the Last Dinosaur",1,17552
"Denver, the Last Dinosaur",2,17566
Deputy,1,28482
Dexter's Laboratory,1,12670
Dexter's Laboratory,2,12684
Dexter's Laboratory,3,12783
Dexter's Laboratory,4,12818
Digman!,1,21191
Disenchantment,1,1647
Disney Shorts,,9630
Doctor Who (2005),1,27948
Doctor Who (2005),10,27320
Doctor Who (2005),11,27287
Doctor Who (2005),12,27222
Doctor Who (2005),13,27138
Doctor Who (2005),2,27934
Doctor Who (2005),3,27920
Doctor Who (2005),4,27854
Doctor Who (2005),5,27840
Doctor Who (2005),6,27820
Doctor Who (2005),7,27692
Doctor Who (2005),8,27546
Doctor Who (2005),9,27431
Doom Patrol,1,22808
Dota: Dragon's Blood,1,4617
Dota: Dragon's Blood,2,16623
Dota: Dragon's Blood,3,17759
Dragon Age: Absolution,1,20487
Dragon Booster,1,11274
Dragon Booster,2,11288
Dragon Booster,3,11302
Dragon's Dogma,1,4016
Dragon's Lair,1,7957
Dragons: Riders of Berk,1,18948
Dragons: Riders of Berk,2,18969
Dragons: Riders of Berk,3,18990
Dragons: Riders of Berk,4,19031
Dragons: Riders of Berk,5,19135
Dragons: Riders of Berk,6,19152
Dragons: Riders of Berk,7,19166
Dragons: Riders of Berk,8,19180
Dragons: The Nine Realms,1,18441
Dragons: The Nine Realms,2,18448
Dragons: The Nine Realms,3,18456
Drawn Together,1,13981
Drawn Together,2,13989
Drawn Together,3,14005
Duck Dodgers,1,494
Duck Dodgers,2,21269
Duck Dodgers,3,21283
Duckman,1,8363
Duckman,2,8377
Duckman,3,8387
Duckman,4,8408
DuckTales (1987),1,7335
DuckTales (1987),2,7515
DuckTales (1987),3,7526
DuckTales (1987),4,7545
DuckTales (2017),1,2261
DuckTales (2017),2,15001
DuckTales (2017),3,15039
Dug Days,,8308
Duncanville,1,22025
Duncanville,2,22037
Duncanville,3,22050
Dungeons & Dragons,1,9338
Dungeons & Dragons,2,9401
Dungeons & Dragons,3,9443
Earthworm Jim,1,16805
Earthworm Jim,2,16854
Echo,1,25459
"Ed, Edd n Eddy",1,5037
"Ed, Edd n Eddy",2,8314
"Ed, Edd n Eddy",3,8328
"Ed, Edd n Eddy",4,8696
"Ed, Edd n Eddy",5,8958
Egyxos,1,16534
El Tigre: The Adventures of Manny Rivera,1,24000
Elliott from Earth,1,10956
Empire,1,26959
Enchantimals: Tales from Everwilde,2,19221
Ever After High,1,23346
Exosquad,1,6972
Extreme Ghostbusters,1,7052
Fallout,1,28017
Family Guy,1,17994
Family Guy,10,20028
Family Guy,11,20052
Family Guy,12,20075
Family Guy,13,20097
Family Guy,14,27581
Family Guy,15,27602
Family Guy,16,20117
Family Guy,17,20138
Family Guy,18,20157
Family Guy,19,20166
Family Guy,2,18112
Family Guy,20,20200
Family Guy,21,21796
Family Guy,3,18134
Family Guy,4,18184
Family Guy,5,18215
Family Guy,6,18234
Family Guy,7,19755
Family Guy,8,19984
Family Guy,9,20006
Fat Albert and the Cosby Kids,1,8439
Felix the Cat,1,10755
Fillmore!,1,18284
Fillmore!,2,18298
Final Space,1,3767
Final Space,2,3778
Final Space,3,15114
Firefly,,2759
Flash Gordon,1,8783
Flash Gordon,2,8835
Freakazoid!,1,7627
Freakazoid!,2,7642
Futurama,1,2035
Futurama,2,4347
Futurama,3,8437
Futurama,4,3862
Futurama,5,14075
Futurama,6,14092
Futurama,7,14119
Game of Thrones,1,111
Game of Thrones,2,270
Game of Thrones,3,303
Game of Thrones,4,1156
Game of Thrones,5,1167
Game of Thrones,6,2594
Game of Thrones,7,2730
Game of Thrones,8,2605
Gargoyles,1,1580
Gargoyles,2,7095
Gargoyles,3,6912
Gemusetto Machu Picchu,1,11057
Gemusetto Machu Picchu,2,11059
Generator Rex,1,16327
Generator Rex,2,7475
Generator Rex,3,7495
Genocyber,1,10402
George of the Jungle,1,15842
Gilligan's Island,1,21851
Gilligan's Island,2,21888
Gilligan's Island,3,21921
Glitch Techs,1,3686
Glitch Techs,2,3696
Golan the Insatiable,1,7461
Golan the Insatiable,2,7468
Good Vibes,1,16518
Goof Troop,1,15312
Goof Troop,2,15377
Gormiti,1,12083
Gravity Falls,1,22501
Gravity Falls,2,706
Green Eggs and Ham,1,21728
Green Eggs and Ham,2,15766
Gremlins: Secrets of the Mogwai,1,22283
Grojband,1,18139
Guardians of the Galaxy,1,3254
Guardians of the Galaxy,2,12010
Guardians of the Galaxy,3,4034
H2O: Mermaid Adventures,1,17604
H2O: Mermaid Adventures,2,17618
Hailey's on It!,1,27014
Halo 4: Forward Unto Dawn,1,14669
Halo Legends,1,14541
Halo,1,16957
Halo: Nightfall,1,14561
Hammer and Bolter,1,23140
Harley Quinn,1,9901
Harley Quinn,2,9920
Harley Quinn,3,18570
Harley Quinn,4,22721
Harriet the Spy,1,18559
Harriet the Spy,2,21339
Hawkeye,1,22962
Hazbin Hotel,1,27440
He-Man and the Masters of the Universe (2021),1,8243
He-Man and the Masters of the Universe (2021),2,14360
He-Man and the Masters of the Universe,1,1594
He-Man and the Masters of the Universe,2,3162
He-Man and the Masters of the Universe,3,22173
Hercules,1,28059
Hercules,2,28112
Hero High,1,8935
Hey Arnold!,1,11608
Hey Arnold!,2,11647
Hey Arnold!,3,11687
Hey Arnold!,4,11707
Hey Arnold!,5,11725
High Guardian Spice,1,14201
High School USA!,1,18491
Hilda,1,2557
Hilda,2,17668
Hit-Monkey,1,14476
Home: Adventures with Tip & Oh,1,24132
Home: Adventures with Tip & Oh,2,24179
Horrid Henry,1,19596
Horrid Henry,2,19334
Horrid Henry,3,19371
Horrid Henry,4,19415
Horrid Henry,5,19446
Hotel Transylvania: The Series,1,6553
Hotel Transylvania: The Series,2,6580
House of the Dragon,1,18774
Human Resources,1,18749
I Heart Arlo,,7846
Infinity Train,1,3653
Infinity Train,2,3654
Infinity Train,3,3675
Infinity Train,4,10619
Inside Job,1,12135
Inspector Gadget Season 1 (1983),,4447
Inspector Gadget Season 2 (1983),,4513
Into the Dark,1,24590
Into the Dark,2,24603
Invader ZIM,,2402
Invader ZIM,2,10914
Invincible,1,6154
Invincible Specials,,24875
Iron Man (1994),1,9371
Iron Man (1994),2,9413
Iwájú,1,28369
Jackie Chan Adventures,1,27718
Jackie Chan Adventures,2,27732
Jackie Chan Adventures,3,27774
Jackie Chan Adventures,4,27792
Jackie Chan Adventures,5,27806
Jacob Two-Two,1,23158
Jacob Two-Two,2,23181
Jacob Two-Two,3,23195
Jellystone,1,10056
Jellystone,2,14631
Johnny Bravo,1,5485
Johnny Bravo,2,10406
Johnny Bravo,3,5524
Johnny Bravo,4,5542
Johnny Bravo,5,16313
Johnny Test,1,17024
Johnny Test,2,17458
Johnny Test,3,17472
Johnny Test,4,16994
Johnny Test,5,16967
Johnny Test,6,16928
Jonny Quest (1964),1,7157
Josie and the Pussy Cats in Outer Space,1,8864
Josie and the Pussycats,1,8975
Jumanji,1,20480
Jumanji,2,20501
Jumanji,3,20526
Justice League,1,8097
Justice League,2,8124
Justice League Unlimited,1,6001
Justice League Unlimited,2,6034
Justice League Unlimited,3,6073
KaBlam!,1,17277
KaBlam!,2,17286
KaBlam!,3,17298
KaBlam!,4,17308
Kaijudo: Rise of the Duel Masters,1,27893
Kaijudo: Rise of the Duel Masters,2,27975
Kappa Mikey,1,17682
Kappa Mikey,2,17709
Kevin Spencer,1,16819
Kick Buttowski: Suburban Daredevil,1,21742
Kick Buttowski: Suburban Daredevil,2,21763
Kid Cosmic,1,15485
Kid Cosmic,2,15496
Kid Cosmic,3,15505
Kid vs. Kat,1,13914
Kid vs. Kat,2,13941
Kim Possible,1,985
Kim Possible,2,1007
Kim Possible,3,1038
Kim Possible,4,1051
Kim Possible: A Sitch in Time,,26815
King of the Hill,1,18247
King of the Hill,10,20838
King of the Hill,11,20839
King of the Hill,12,20867
King of the Hill,13,20868
King of the Hill,2,28345
King of the Hill,3,28319
King of the Hill,4,20706
King of the Hill,5,20731
King of the Hill,6,20752
King of the Hill,7,20775
King of the Hill,8,20793
King of the Hill,9,20814
Kipo and the Age of Wonderbeasts,1,3707
Kipo and the Age of Wonderbeasts,2,3718
Kipo and the Age of Wonderbeasts,3,15103
Knuckles,1,28041
Krapopolis,1,28376
Lastman,1,16530
Legend of the Dragon,1,16834
Legend of the Dragon,2,23059
Lilo & Stitch: The Series,1,17038
Lilo & Stitch: The Series,2,17078
Little Demon,1,18785
Little Ellen,1,14487
Little Ellen,2,14505
Littlest Pet Shop,1,17105
Littlest Pet Shop,2,17133
Littlest Pet Shop,3,17160
Littlest Pet Shop,4,17187
Loki,1,7882
Looney Tunes Cartoons,1,7401
Looney Tunes Cartoons,2,7433
Looney Tunes Cartoons,3,22607
Looney Tunes Cartoons,4,22634
Looney Tunes Cartoons,5,22660
Looney Tunes Cartoons,6,22693
Looney Tunes Shorts,,22157
"Love, Death & Robots",1,2800
"Love, Death & Robots",2,16509
"Love, Death & Robots",3,16499
Martin Mystery,1,10826
Marvel Future Avengers,1,18518
Marvel Future Avengers,2,18545
Marvel's Moon Girl and Devil Dinosaur,1,22419
Masameer County,1,19968
Masameer County,2,19977
Masters of Horror,1,24616
Masters of Horror,2,24630
Masters of Sex,1,290
Masters of the Universe: Revelation,1,6850
Max Steel (2013),1,10570
Max Steel (2013),2,10750
Maya and the Three,1,10880
Megas XLR,1,5313
Megas XLR,2,5327
Men in Black: The Series,1,12262
Men in Black: The Series,2,12276
Men in Black: The Series,3,12290
Men in Black: The Series,4,12305
Metalocalypse,1,10917
Metalocalypse,2,13783
Metalocalypse,3,13802
Metalocalypse,4,13814
Mew Mew Power Season 1 [US],,8151
MGM Shorts,,10758
Middlemost Post,1,22894
Middlemost Post,2,22915
Mighty Ducks: The Animated Series,1,6926
Mighty Magiswords,1,6614
Mike Tyson Mysteries,1,86
Mike Tyson Mysteries,2,197
Mike Tyson Mysteries,3,15062
Mike Tyson Mysteries,4,15083
Milo Murphy's Law,1,15184
Milo Murphy's Law,2,15221
Miraculous: Tales of Ladybug & Cat Noir,1,10474
Miraculous: Tales of Ladybug & Cat Noir,2,10501
Miraculous: Tales of Ladybug & Cat Noir,3,14577
Miraculous: Tales of Ladybug & Cat Noir,4,14604
Miraculous: Tales of Ladybug & Cat Noir,5,22828
Misterjaw,1,14325
Monsters at Work,1,7841
Moon Knight,1,18767
Motorcity,1,1290
Mr. Bean: The Animated Series,1,19398
Ms. Marvel,1,18760
Mutant Busters,1,16596
My Adventures with Superman,1,22951
My Life as a Teenage Robot,1,5407
My Life as a Teenage Robot,2,5434
My Life as a Teenage Robot,3,5457
My Life Me,1,23351
My Little Pony: Friendship Is Magic,1,5110
My Little Pony: Friendship Is Magic,2,5137
My Little Pony: Friendship Is Magic,3,5164
My Little Pony: Friendship Is Magic,4,5178
My Little Pony: Friendship Is Magic,5,5205
My Little Pony: Friendship Is Magic,6,5232
My Little Pony: Friendship Is Magic,7,5259
My Little Pony: Friendship Is Magic,8,5286
My Little Pony: Friendship Is Magic,9,22227
My Little Pony: Pony Life,1,10853
New Girl,1,27064
New Looney Tunes,1,9160
New Looney Tunes,2,9284
New Looney Tunes,3,9491
Obi-Wan Kenobi,1,18796
Oddballs,1,18736
OK K.O.! Let's Be Heroes,1,17927
OK K.O.! Let's Be Heroes,2,18002
OK K.O.! Let's Be Heroes,3,18043
One Piece (2023),1,22522
Onyx Equinox,1,10123
Over the Garden Wall,1,6156
Pacific Rim: The Black,1,15834
Pacific Rim: The Black,2,15826
Pantheon,1,18604
Paradise PD,1,3151
Peacemaker,1,14489
Penn Zero: Part-Time Hero,2,28126
Pennyworth,1,22929
Pennyworth,2,23108
Pepper Ann,1,16272
Phineas and Ferb,1,2112
Phineas and Ferb,2,20943
Phineas and Ferb,3,2139
Phineas and Ferb,4,2202
Pink Panther & Pals,1,7971
Polly Pocket,1,16349
Polly Pocket,2,16468
Polly Pocket,3,16486
Popeye Shorts (1946),1,16889
Popeye Shorts (1946),2,16898
Primal,1,4400
Primal,2,21337
Q-Force,1,7867
Quantico,1,27375
Rambo,1,11490
Randy Cunningham: 9th Grade Ninja,1,28166
Randy Cunningham: 9th Grade Ninja,2,28266
Rayman: The Animated Series,1,9065
ReBoot,1,15703
ReBoot,2,15717
ReBoot,3,15733
ReBoot,4,15750
Regular Show,1,5718
Regular Show,2,5731
Regular Show,3,5760
Regular Show,4,5801
Regular Show,5,5840
Regular Show,6,5878
Regular Show,7,5907
Regular Show,8,5944
Ren & Stimpy 'Adult Party Cartoon',1,6892
Resident Evil: Infinite Darkness,1,28221
Rick and Morty,1,22478
Rick and Morty,2,22490
Rick and Morty,3,4294
Rick and Morty,4,4305
Rick and Morty,5,14528
Rick and Morty,6,21060
Rick and Morty,7,28048
Rise of the Teenage Mutant Ninja Turtles,1,16376
Rise of the Teenage Mutant Ninja Turtles,2,19607
Rocket Power,1,14676
Rocket Power,2,14737
Rocket Power,3,14793
Rocket Power,4,14828
Rocko's Modern Life,1,2571
Rocko's Modern Life,2,4918
Rocko's Modern Life,3,4954
Rocko's Modern Life,4,4998
Rocky & Bullwinkle & Friends,1,8646
Rocky & Bullwinkle & Friends,2,8756
Rocky & Bullwinkle & Friends,3,8889
Rome,1,136
Rome,2,410
Royal Crackers,1,28416
Rugrats (2021),1,21297
Rugrats (2021),2,21323
RWBY,1,19803
RWBY,2,25136
RWBY,3,25193
RWBY,4,25229
RWBY,5,25260
RWBY,6,25328
RWBY,7,25287
RWBY,8,25309
RWBY,9,25301
Sabrina's Secret Life,1,24193
Sabrina: The Animated Series,1,24220
Samurai Jack,1,122
Samurai Jack,2,182
Samurai Jack,3,217
Samurai Jack,4,396
Samurai Jack,5,385
Samurai Rabbit: The Usagi Chronicles,1,16585
Scissor Seven,1,4082
Scissor Seven,2,4097
Scissor Seven,3,22774
Scissor Seven,4,22797
Scooby-Doo and Guess Who?,1,9048
Scooby-Doo and Guess Who?,2,9086
Scooby-Doo and Guess Who?,3,9114
Scooby-Doo! Mystery Incorporated,1,20355
Scooby-Doo! Mystery Incorporated,2,20382
Scott Pilgrim Takes Off,1,24312
Secret Invasion,1,22451
She-Hulk: Attorney at Law,1,18613
She-Ra and the Princesses of Power,1,4411
She-Ra and the Princesses of Power,2,4425
She-Ra and the Princesses of Power,3,2723
She-Ra and the Princesses of Power,5,4433
Shin-chan,1,16191
Shin-chan,2,16218
Shin-chan,3,16245
Shōgun,1,28405
Sidekick,1,24097
Silver Surfer,1,21632
Skull Island,1,22263
Skyland,1,6526
Solar Opposites,1,3758
Solar Opposites,2,11048
Solar Opposites,3,17531
Sonic Boom,1,8172
Sonic Boom,2,8471
South Park,11,3638
South Park Specials,,24877
Spartacus,1,12748
Spartacus,2,12815
Spartacus,3,12855
Spider-Man and His Amazing Friends,1,8593
Spider-Man and His Amazing Friends,2,8654
Spider-Man and His Amazing Friends,3,8663
Spider-Man Unlimited,1,1311
Spider-Man: The Animated Series,1,8585
Spider-Man: The Animated Series,2,8602
Spider-Man: The Animated Series,3,8623
Spider-Man: The Animated Series,4,8640
Spider-Man: The Animated Series,5,8671
Spider-Woman (1979),1,28465
"Spider-Woman, Agent of S.W.O.R.D.",1,16653
Spidey and His Amazing Friends,1,22857
SpongeBob SquarePants,1,4061
SpongeBob SquarePants,10,4827
SpongeBob SquarePants,11,4850
SpongeBob SquarePants,2,4379
SpongeBob SquarePants,3,4636
SpongeBob SquarePants,4,4657
SpongeBob SquarePants,5,4678
SpongeBob SquarePants,6,4699
SpongeBob SquarePants,7,4725
SpongeBob SquarePants,8,4751
SpongeBob SquarePants,9,4777
Squid Game,1,10597
Star (2016),1,27962
Star (2016),2,28295
Star Trek: Lower Decks,1,4535
Star Trek: Lower Decks,2,15009
Star Trek: Lower Decks,3,19479
Star Trek: Lower Decks,4,28006
Star Trek: Prodigy,1,19576
Star Trek: The Animated Series,1,19552
Star Trek: The Animated Series,2,19569
Star vs. the Forces of Evil,1,2626
Star vs. the Forces of Evil,2,2640
Star vs. the Forces of Evil,3,2663
Star vs. the Forces of Evil,4,2685
Star Wars Rebels,1,2830
Star Wars Rebels,2,2897
Star Wars Rebels,3,3573
Star Wars Rebels,4,3595
Star Wars Resistance,1,4596
Star Wars Resistance,2,8753
Star Wars: Droids,1,8542
Star Wars: Ewoks,1,8545
Star Wars: Ewoks,2,8571
Star Wars: Forces of Destiny,1,14883
Star Wars: The Bad Batch,1,7444
Star Wars: The Clone Wars,1,2920
Star Wars: The Clone Wars,2,3128
Star Wars: The Clone Wars,3,3492
Star Wars: The Clone Wars,4,3515
Star Wars: The Clone Wars,5,3538
Star Wars: The Clone Wars,6,3559
Star Wars: The Clone Wars,7,21256
Star Wars: Visions,1,8751
Star Wars: Visions,2,21037
Stargirl,1,10637
Static Shock,1,8072
Static Shock,2,28427
Steven Universe Future,1,4575
Steven Universe,1,18810
Steven Universe,2,18864
Steven Universe,3,18894
Steven Universe,4,61
Steven Universe,5,18919
Stillwater,1,14563
Stoked,1,27453
Stoked,2,14378
Strange Planet,1,27882
Stranger Things,1,281
Stranger Things,2,249
Stranger Things,3,2585
Stranger Things,4,21828
Street Fighter: Resurrection,1,3368
Street Sharks,1,7250
Street Sharks,2,7254
Street Sharks,3,7265
Stripperella,1,6895
Summer Camp Island,1,2738
Summer Camp Island,2,11556
Summer Camp Island,3,11577
Summer Camp Island,4,11590
Summer Camp Island,5,17652
Super Friends,1,11438
Super Friends,2,17214
Super Friends,3,17230
Super Friends,4,17543
Super Mario World,1,7295
Super Robot Monkey Team Hyperforce Go!,1,11372
Super Robot Monkey Team Hyperforce Go!,2,11396
Super Robot Monkey Team Hyperforce Go!,3,11410
Super Robot Monkey Team Hyperforce Go!,4,11424
Supergirl,1,26488
Supergirl,2,26542
Supergirl,3,26588
Supergirl,4,26674
Supergirl,5,26792
Supergirl,6,26858
Superjail!,2,3463
Superjail!,1,3427
Superjail!,3,3474
Superjail!,4,3485
Superman,1,19615
Superman: The Animated Series,1,14651
Superman: The Animated Series,2,14665
Superman: The Animated Series,3,14778
Superman: The Animated Series,4,14789
Supernatural,1,25904
Supernatural,10,26310
Supernatural,11,26334
Supernatural,12,26358
Supernatural,13,26382
Supernatural,14,26433
Supernatural,15,26406
Supernatural,2,25955
Supernatural,3,26023
Supernatural,4,26062
Supernatural,5,26105
Supernatural,6,26162
Supernatural,7,26186
Supernatural,8,26222
Supernatural,9,26286
Swamp Thing,1,16875
Swat Kats: The Radical Squadron,1,17504
Swat Kats: The Radical Squadron,2,17518
Sym-Bionic Titan,1,1256
T.U.F.F. Puppy,1,22182
T.U.F.F. Puppy,2,24523
Tales from the Cryptkeeper,1,11320
Tales from the Cryptkeeper,2,11340
Tales from the Cryptkeeper,3,11367
Tales from the Darkside,1,25390
Tales of the Jedi,1,18803
TaleSpin,1,7184
Tangled: The Series,1,1705
Tangled: The Series,2,2846
Tangled: The Series,3,16659
Tara Duncan,1,28194
Teen Titans Go!,1,23652
Teen Titans Go!,2,23705
Teen Titans Go!,3,23758
Teen Titans Go!,4,23812
Teen Titans Go!,5,23865
Teen Titans Go!,6,23920
Teen Titans Go!,7,23976
Teen Titans Go!,8,28237
Teen Titans,1,47
Teen Titans,2,663
Teen Titans,3,677
Teen Titans,4,691
Teen Titans,5,727
Teenage Euthanasia,1,19477
Teenage Mutant Ninja Turtles (1987),1,12908
Teenage Mutant Ninja Turtles (1987),10,13101
Teenage Mutant Ninja Turtles (1987),2,12914
Teenage Mutant Ninja Turtles (1987),3,12928
Teenage Mutant Ninja Turtles (1987),4,12976
Teenage Mutant Ninja Turtles (1987),5,13016
Teenage Mutant Ninja Turtles (1987),6,13038
Teenage Mutant Ninja Turtles (1987),7,13055
Teenage Mutant Ninja Turtles (1987),8,13083
Teenage Mutant Ninja Turtles (1987),9,13092
Teenage Mutant Ninja Turtles (2003),1,11750
Teenage Mutant Ninja Turtles (2003),2,12116
Teenage Mutant Ninja Turtles (2003),3,12154
Teenage Mutant Ninja Turtles (2003),4,12181
Teenage Mutant Ninja Turtles (2003),5,12208
Teenage Mutant Ninja Turtles (2003),6,12221
Teenage Mutant Ninja Turtles (2003),7,12248
Teenage Mutant Ninja Turtles (2012),1,765
Teenage Mutant Ninja Turtles (2012),2,12866
Teenage Mutant Ninja Turtles (2012),3,792
Teenage Mutant Ninja Turtles (2012),4,817
Teenage Mutant Ninja Turtles (2012),5,12891
The 13 Ghosts of Scooby-Doo,1,19741
The Adventures of Rocky and Bullwinkle,1,7929
The Adventures of Sam & Max: Freelance Police,1,10305
The Adventures of Super Mario Bros. 3,1,7293
The Adventures of the Galaxy Rangers,1,6986
The Amazing Digital Circus,1,27735
The Amazing World of Gumball,1,844
The Amazing World of Gumball,2,881
The Amazing World of Gumball,3,922
The Amazing World of Gumball,4,2440
The Amazing World of Gumball,5,21442
The Amazing World of Gumball,6,21482
The Avengers: Earth's Mightiest Heroes,1,13861
The Avengers: Earth's Mightiest Heroes,2,13888
The Batman,1,6836
The Batman,2,14214
The Batman,3,14228
The Batman,4,14246
The Batman,5,14260
The Book of Boba Fett,1,13853
The Boondocks,1,12708
The Boondocks,2,12756
The Boondocks,3,12788
The Boondocks,4,12829
The Boss Baby: Back in Business,,97
The Boys Presents: Diabolical,1,14369
The Boys,1,7553
The Boys,2,7562
The Boys,3,17824
The Cleveland Show,1,24052
The Cleveland Show,2,24074
The Cleveland Show,3,24286
The Cleveland Show,4,24309
The Croods: Family Tree,1,11833
The Croods: Family Tree,2,15777
The Cuphead Show!,1,13827
The Cuphead Show!,2,17980
The Cyanide & Happiness Show,1,14838
The Cyanide & Happiness Show,2,14850
The Cyanide & Happiness Show,3,14861
The Cyanide & Happiness Show,4,14872
The Dark Crystal: Age of Resistance,1,15162
The Dragon Prince,1,1795
The Dragon Prince,2,2251
The Dragon Prince,3,3852
The Dragon Prince,4,25725
The Dragon Prince,5,25728
The Emperor's New School,2,6358
The Fairly OddParents,1,24342
The Fairly OddParents,10,25616
The Fairly OddParents,2,24356
The Fairly OddParents,3,24386
The Fairly OddParents,4,24418
The Fairly OddParents,5,24420
The Fairly OddParents,6,25680
The Fairly OddParents,7,24502
The Fairly OddParents,8,25609
The Fairly OddParents,9,25612
The Falcon and the Winter Soldier,1,12328
The Flash (1990),1,27328
The Flash,1,26597
The Flash,2,26880
The Flash,3,26904
The Flash,4,26981
The Flash,5,27006
The Flash,6,27066
The Flash,7,27134
The Flash,8,27160
The Flash,9,27181
The Flintstones,1,19523
The Flintstones,2,19814
The Flintstones,3,19847
The Flintstones,4,19887
The Flintstones,5,19914
The Flintstones,6,19941
The Freak Brothers,1,22254
The Freedom Force,1,19676
The Garfield Show,2,9322
The Garfield Show,3,9444
The Garfield Show,4,9578
The Ghost and Molly McGee,1,17768
The Great,1,12574
The Great,2,12585
The Great,3,21817
The Grim Adventures of Billy & Mandy,1,6756
The Grim Adventures of Billy & Mandy,2,6676
The Grim Adventures of Billy & Mandy,3,6692
The Grim Adventures of Billy & Mandy,4,6709
The Grim Adventures of Billy & Mandy,5,6723
The Grim Adventures of Billy & Mandy,6,6730
The Grim Adventures of Billy & Mandy,7,6744
The Hard Times of RJ Berger,1,24711
The Hard Times of RJ Berger,2,24736
The Head,2,9330
The Herculoids,1,6953
The Incredible Hulk,1,9076
The Incredible Hulk,2,9117
The Jetsons,1,10635
The Jetsons,2,15259
The Jetsons,3,15301
The Last Kids on Earth,3,4108
The Last Kingdom,1,25110
The Last of Us,1,24879
The Legend of Korra,1,1277
The Legend of Korra,2,1352
The Legend of Korra,3,6174
The Legend of Korra,4,6188
The Legend of Vox Machina,1,13840
The Legend of Vox Machina,2,24992
The Legend of Zelda,1,7321
The Lion Guard,1,25525
The Lion Guard,2,25554
The Lion Guard,3,25585
The Looney Tunes Show,1,9148
The Looney Tunes Show,2,9251
The Lord of the Rings: The Rings of Power,1,18624
The Loud House,1,12360
The Loud House,2,12408
The Loud House,3,12459
The Loud House,4,15644
The Loud House,5,15676
The Mandalorian,1,4325
The Mandalorian,2,4316
The Mandalorian,3,21838
The Marvelous Misadventures of Flapjack,1,22531
The Marvelous Misadventures of Flapjack,2,22552
The Marvelous Misadventures of Flapjack,3,22573
The Maxx,1,6878
The Midnight Gospel,1,3729
The Mighty B!,1,21984
The Mighty B!,2,22005
The Mummy,1,11456
The Mummy,2,11470
The New Batman Adventures,1,3229
The New Batman Adventures,2,28453
The New Scooby and Scrappy-Doo Show,1,19496
The Nutty Boy,1,24934
The Owl House,1,3738
The Owl House,2,16906
The Owl House,3,21071
The Pirates of Dark Water,1,17736
The Pirates of Dark Water,2,17750
The Powerpuff Girls (1998),1,16041
The Powerpuff Girls (1998),2,16454
The Powerpuff Girls (2016),1,23209
The Powerpuff Girls (2016),2,23249
The Powerpuff Girls (2016),3,23291
The Prince,1,9952
The Proud Family,1,18319
The Proud Family,2,18341
The Proud Family,3,18373
The Proud Family: Louder and Prouder,1,15877
The Proud Family: Louder and Prouder,2,22216
The Punisher (2017),1,12642
The Punisher (2017),2,12656
The Purge,1,24568
The Purge,2,24576
The Ren & Stimpy Show,1,4867
The Ren & Stimpy Show,2,4886
The Ren & Stimpy Show,3,4915
The Ren & Stimpy Show,4,4956
The Ren & Stimpy Show,5,4999
The Replacements,2,9697
The Simpsons,1,13355
The Simpsons,10,13133
The Simpsons,11,13110
The Simpsons,12,12552
The Simpsons,13,1850
The Simpsons,14,1873
The Simpsons,15,2379
The Simpsons,16,1805
The Simpsons,17,1658
The Simpsons,18,12529
The Simpsons,19,12508
The Simpsons,2,13332
The Simpsons,20,12461
The Simpsons,21,1896
The Simpsons,22,1827
The Simpsons,23,1920
The Simpsons,24,1943
The Simpsons,25,1966
The Simpsons,26,1989
The Simpsons,27,2012
The Simpsons,28,599
The Simpsons,29,963
The Simpsons,3,13308
The Simpsons,30,12410
The Simpsons,31,12358
The Simpsons,32,12335
The Simpsons,33,20222
The Simpsons,4,13284
The Simpsons,5,13261
The Simpsons,6,13235
The Simpsons,7,13209
The Simpsons,8,13183
The Simpsons,9,13157
The Snoopy Show,1,11342
The Spectacular Spider-Man,1,1681
The Spectacular Spider-Man,2,3080
The Terminal List,1,26024
The Transformers (1984),1,2982
The Transformers (1984),2,2999
The Transformers (1984),3,3439
The Transformers (1984),3,3049
The Twilight Zone (1959),1,24897
The Twilight Zone (1959),2,24961
The Twilight Zone (1959),3,24998
The Twilight Zone (1959),4,25043
The Twilight Zone (1959),5,25062
The Twilight Zone (1985),1,25119
The Twilight Zone (1985),2,25206
The Twilight Zone (1985),3,25228
The Twilight Zone (2002),1,25415
The Twilight Zone (2019),1,25346
The Twilight Zone (2019),2,25349
The Venture Bros.,1,10554
The Venture Bros.,2,10812
The Weekenders,1,1178
The Weekenders,2,1195
The Weekenders,3,1214
The Weekenders,4,1239
The Wild Thornberrys,1,25368
The Witcher,1,3105
The Witcher,2,12319
The Witcher,3,22404
The Wonderful World of Mickey Mouse,1,7904
The Zeta Project,1,11206
The Zeta Project,2,11220
Thundercats (1985),1,10133
Thundercats (1985),2,10232
Thundercats (1985),3,10253
Thundercats (1985),4,10274
Thundercats (2011),1,21010
ThunderCats Roar,1,4546
Tig N' Seek,1,9976
Tig N' Seek,2,10006
Tig N' Seek,3,10044
Time-Jam - Valerian & Laureline,1,17310
Tiny Toon Adventures,1,4179
Tiny Toon Adventures,2,4245
Tiny Toon Adventures,3,4264
Tiny Toons Looniversity,1,22940
Titans,1,2788
Todd McFarlane's Spawn,1,8342
Todd McFarlane's Spawn,2,8349
Todd McFarlane's Spawn,3,8356
Tom and Jerry in New York,1,9934
Top Cat,1,19710
Total Drama Island: Reboot,1,27868
Total Drama Presents: The Ridonculous Race,1,15799
Total Drama,1,6392
Total Drama,2,7788
Total Drama,3,16286
Total Drama,4,7815
Total Drama,5,14048
Total DramaRama,1,10298
Total DramaRama,2,19083
Totally Spies!,1,5583
Totally Spies!,2,5610
Totally Spies!,3,5637
Totally Spies!,4,5556
Totally Spies!,5,5664
Totally Spies!,6,5691
Trailer Park Boys: The Animated Series,1,3357
Transformers Prime,1,8699
Transformers Prime,2,25879
Transformers Prime,3,25908
Transformers: Armada,,9681
Transformers: Cybertron,1,25824
Transformers: Cyberverse,1,11892
Transformers: Energon,1,11840
Transformers: War for Cybertron Trilogy,1,12062
Transformers: War for Cybertron Trilogy,2,12069
Transformers: War for Cybertron Trilogy,3,12076
Trese,1,6607
Trollhunters: Tales of Arcadia,1,20417
Trollhunters: Tales of Arcadia,2,2774
Trollhunters: Tales of Arcadia,3,20444
Trolls: The Beat Goes On!,1,25465
Trolls: The Beat Goes On!,2,25472
Trolls: The Beat Goes On!,3,25480
Trolls: The Beat Goes On!,4,25487
Trolls: The Beat Goes On!,5,25495
Trolls: The Beat Goes On!,6,25498
Trolls: The Beat Goes On!,7,25508
Trolls: The Beat Goes On!,8,25517
Trolls: TrollsTopia,1,8973
Trolls: TrollsTopia,2,9002
Trolls: TrollsTopia,3,9015
Trolls: TrollsTopia,4,9046
Trolls: TrollsTopia,5,20458
Trolls: TrollsTopia,6,14318
Trolls: TrollsTopia,7,20409
TRON: Uprising,1,17632
Tulsa King,1,22413
Twelve Forever,1,3331
Ultimate Spider-Man,1,1325
Ultimate Spider-Man,2,1367
Ultimate Spider-Man,3,1394
Ultimate Spider-Man,4,12036
Ultraforce,1,18504
Undergrads,1,16027
Unicorn: Warriors Eternal,1,23074
Unikitty!,1,20665
Unikitty!,2,20581
Unikitty!,3,20533
Velma,1,19876
Velma,2,28026
Vermin,1,16838
Vixen,1,18312
Voltron: Legendary Defender,1,2285
Voltron: Legendary Defender,2,2297
Voltron: Legendary Defender,3,20566
Voltron: Legendary Defender,4,20574
Voltron: Legendary Defender,5,20582
Voltron: Legendary Defender,6,20584
Voltron: Legendary Defender,7,20607
Voltron: Legendary Defender,8,20617
Wakfu,1,1727
Wakfu,2,19772
Wakfu,3,1781
WandaVision,1,4626
Watchmen,1,3321
Wayside,1,9643
Wayside,2,9702
We Bare Bears,1,16428
We Bare Bears,2,5997
We Bare Bears,3,6035
We Bare Bears,4,6100
Wednesday,1,19468
Westworld,1,3
What If...?,1,10116
Winx Club,1,13729
Winx Club,2,13756
Winx Club,3,19194
Winx Club,4,19235
Wizards: Tales of Arcadia,1,25075
Wolverine and the X-Men,1,18464
World of Winx,1,10295
World of Winx,2,10356
X-Men: Evolution,1,20245
X-Men: Evolution,2,20259
X-Men: Evolution,3,20277
X-Men: Evolution,4,20291
X-Men: The Animated Series,1,27623
X-Men: The Animated Series,2,27637
X-Men: The Animated Series,3,27651
X-Men: The Animated Series,4,27671
X-Men: The Animated Series,5,27689
Xiaolin Showdown,1,15391
Xiaolin Showdown,2,15444
Xiaolin Showdown,3,15471
You,1,10607
You,2,10618
You,3,12741
Young Justice,1,9944
Young Justice,2,10005
Young Justice,3,10053
Young Justice,4,19004
Yu-Gi-Oh! 5D's,1,15512
Yu-Gi-Oh! 5D's,2,15539
Yu-Gi-Oh! 5D's,3,15578
Yu-Gi-Oh! 5D's,4,15607
Yvon of the Yukon,1,6317
Zak Storm,1,17873
Zig & Sharko,2,16677
Zig & Sharko,3,16726
